,Date,Open,High,Low,Close,Adj Close,Volume,ticker
0,2019-02-15,6.9,8.896,6.01,8.53,8.53,26300,HOTH
1,2019-02-19,10.28,13.88,6.5,7.06,7.06,281500,HOTH
2,2019-02-20,7.48,8.0,6.514,7.9,7.9,76600,HOTH
3,2019-02-21,7.96,8.1,6.801,7.6,7.6,42600,HOTH
4,2019-02-22,7.5,8.66,6.89,6.89,6.89,64000,HOTH
5,2019-02-25,7.15,7.68,5.55,6.45,6.45,134100,HOTH
6,2019-02-26,6.15,6.54,5.851,5.95,5.95,15800,HOTH
7,2019-02-27,5.86,6.142,5.6,6.05,6.05,4300,HOTH
8,2019-02-28,5.84,6.2,5.58,6.2,6.2,11100,HOTH
9,2019-03-01,6.19,6.7,5.771,6.093,6.093,59400,HOTH
10,2019-03-04,6.51,7.007,5.76,5.87,5.87,19500,HOTH
11,2019-03-05,6.2,6.38,5.9,5.9,5.9,7400,HOTH
12,2019-03-06,5.96,6.11,5.8,5.88,5.88,6100,HOTH
13,2019-03-07,5.96,5.96,5.02,5.46,5.46,47100,HOTH
14,2019-03-08,5.06,5.55,5.06,5.33,5.33,3400,HOTH
15,2019-03-11,5.01,5.53,5.01,5.53,5.53,3000,HOTH
16,2019-03-12,5.01,5.84,5.01,5.71,5.71,3100,HOTH
17,2019-03-13,5.68,6.113,5.29,5.4,5.4,30200,HOTH
18,2019-03-14,5.6,6.434,5.52,5.8,5.8,1700,HOTH
19,2019-03-15,5.7,5.7,5.44,5.655,5.655,700,HOTH
20,2019-03-18,5.7,5.7,5.45,5.45,5.45,1600,HOTH
21,2019-03-19,6.295,6.295,5.41,5.41,5.41,3400,HOTH
22,2019-03-20,5.29,5.774,5.25,5.774,5.774,3300,HOTH
23,2019-03-21,5.38,5.71,5.38,5.71,5.71,5400,HOTH
24,2019-03-22,5.6,5.6,5.3,5.3,5.3,2400,HOTH
25,2019-03-25,5.3,5.3,5.3,5.3,5.3,100,HOTH
26,2019-03-26,5.514,5.54,5.17,5.54,5.54,1100,HOTH
27,2019-03-27,5.34,5.35,5.246,5.28,5.28,3600,HOTH
28,2019-03-28,5.15,5.286,5.15,5.286,5.286,2200,HOTH
29,2019-03-29,5.15,5.15,5.15,5.15,5.15,300,HOTH
30,2019-04-01,5.15,5.2,4.706,4.76,4.76,7800,HOTH
31,2019-04-02,4.77,5.45,4.77,5.45,5.45,4100,HOTH
32,2019-04-03,5.35,5.35,4.91,4.91,4.91,1300,HOTH
33,2019-04-04,4.88,5.25,4.8,5.1,5.1,4100,HOTH
34,2019-04-05,5.1,5.1,5.1,5.1,5.1,100,HOTH
35,2019-04-08,5.3,5.3,5.3,5.3,5.3,300,HOTH
36,2019-04-09,4.86,4.97,4.79,4.91,4.91,2500,HOTH
37,2019-04-10,4.99,5.606,4.99,5.39,5.39,7500,HOTH
38,2019-04-11,5.45,5.57,5.3,5.52,5.52,2000,HOTH
39,2019-04-12,5.2,5.52,5.2,5.52,5.52,400,HOTH
40,2019-04-15,5.3,5.45,5.25,5.25,5.25,900,HOTH
41,2019-04-16,5.21,5.211,4.85,4.85,4.85,800,HOTH
42,2019-04-17,5.19,5.5,5.05,5.307,5.307,1300,HOTH
43,2019-04-18,4.9,5.25,4.8,5.097,5.097,5100,HOTH
44,2019-04-22,4.6,5.5,4.51,5.5,5.5,4100,HOTH
45,2019-04-23,5.5,5.961,5.327,5.327,5.327,10900,HOTH
46,2019-04-24,5.35,5.669,5.35,5.5,5.5,6400,HOTH
47,2019-04-25,5.55,5.55,5.27,5.27,5.27,5000,HOTH
48,2019-04-26,5.3,5.3,5.216,5.216,5.216,900,HOTH
49,2019-04-29,5.471,5.64,5.471,5.64,5.64,2400,HOTH
50,2019-04-30,5.45,5.493,5.3,5.4,5.4,6400,HOTH
51,2019-05-01,5.5,5.5,5.402,5.474,5.474,1300,HOTH
52,2019-05-02,5.3,5.488,5.16,5.399,5.399,5200,HOTH
53,2019-05-03,5.25,5.3,5.05,5.2,5.2,7800,HOTH
54,2019-05-06,5.21,5.21,5.05,5.05,5.05,3100,HOTH
55,2019-05-07,5.01,5.266,5.01,5.24,5.24,3500,HOTH
56,2019-05-08,5.24,5.24,5.24,5.24,5.24,100,HOTH
57,2019-05-09,5.21,5.45,5.21,5.45,5.45,1400,HOTH
58,2019-05-10,5.429,5.6,5.35,5.6,5.6,1200,HOTH
59,2019-05-13,5.94,5.94,5.55,5.55,5.55,27000,HOTH
60,2019-05-14,5.85,7.0,5.56,6.15,6.15,88600,HOTH
61,2019-05-15,6.0,6.061,5.573,5.94,5.94,28100,HOTH
62,2019-05-16,5.57,5.734,5.25,5.5,5.5,27500,HOTH
63,2019-05-17,5.25,5.51,5.05,5.37,5.37,12500,HOTH
64,2019-05-20,5.49,5.49,5.05,5.05,5.05,5600,HOTH
65,2019-05-21,5.05,5.39,5.05,5.3,5.3,19800,HOTH
66,2019-05-22,5.31,5.31,5.075,5.17,5.17,3300,HOTH
67,2019-05-23,5.183,5.183,5.05,5.05,5.05,4100,HOTH
68,2019-05-24,5.225,5.23,5.0,5.23,5.23,4600,HOTH
69,2019-05-28,5.24,5.46,5.04,5.04,5.04,27600,HOTH
70,2019-05-29,5.0,5.37,5.0,5.05,5.05,4100,HOTH
71,2019-05-30,5.1,5.95,4.412,5.821,5.821,44500,HOTH
72,2019-05-31,6.0,6.73,5.729,6.5,6.5,90200,HOTH
73,2019-06-03,6.5,6.6,5.607,6.49,6.49,19600,HOTH
74,2019-06-04,6.44,7.89,6.0,7.84,7.84,46800,HOTH
75,2019-06-05,7.5,7.7,6.131,6.98,6.98,46500,HOTH
76,2019-06-06,6.98,7.9,6.7,6.8,6.8,30400,HOTH
77,2019-06-07,6.86,7.106,6.15,6.65,6.65,33100,HOTH
78,2019-06-10,7.0,7.15,6.43,7.02,7.02,37800,HOTH
79,2019-06-11,7.15,9.07,7.116,8.1,8.1,123600,HOTH
80,2019-06-12,7.72,8.44,6.615,6.83,6.83,45000,HOTH
81,2019-06-13,6.86,7.36,6.83,7.229,7.229,16100,HOTH
82,2019-06-14,7.0,7.065,6.292,6.55,6.55,28000,HOTH
83,2019-06-17,6.55,7.0,6.369,6.8,6.8,28900,HOTH
84,2019-06-18,6.77,6.8,6.53,6.79,6.79,3100,HOTH
85,2019-06-19,6.52,6.52,6.0,6.03,6.03,25400,HOTH
86,2019-06-20,6.11,6.11,5.05,5.87,5.87,40400,HOTH
87,2019-06-21,5.65,6.0,5.3,5.3,5.3,9900,HOTH
88,2019-06-24,5.71,5.71,5.0,5.2,5.2,12700,HOTH
89,2019-06-25,5.49,6.05,5.24,5.66,5.66,3800,HOTH
90,2019-06-26,5.296,5.69,5.296,5.6,5.6,7300,HOTH
91,2019-06-27,5.4,6.0,5.28,6.0,6.0,17900,HOTH
92,2019-06-28,5.6,6.59,5.5,5.81,5.81,18800,HOTH
93,2019-07-01,5.81,5.85,5.42,5.48,5.48,16500,HOTH
94,2019-07-02,5.6,5.86,5.115,5.86,5.86,17900,HOTH
95,2019-07-03,5.82,5.85,5.79,5.79,5.79,1600,HOTH
96,2019-07-05,5.79,5.79,5.3,5.3,5.3,200,HOTH
97,2019-07-08,5.7,5.98,5.56,5.73,5.73,7000,HOTH
98,2019-07-09,5.95,5.95,5.38,5.673,5.673,10800,HOTH
99,2019-07-10,5.44,5.91,5.3,5.48,5.48,9400,HOTH
100,2019-07-11,5.332,5.53,5.02,5.53,5.53,8800,HOTH
101,2019-07-12,5.15,5.5,5.15,5.23,5.23,6200,HOTH
102,2019-07-15,5.25,5.499,4.81,5.24,5.24,18000,HOTH
103,2019-07-16,5.2,5.2,4.595,4.72,4.72,9400,HOTH
104,2019-07-17,4.93,5.06,4.62,4.73,4.73,12500,HOTH
105,2019-07-18,4.92,5.0,4.35,4.76,4.76,15300,HOTH
106,2019-07-19,4.7,4.77,4.47,4.5,4.5,3300,HOTH
107,2019-07-22,4.6,4.7,3.955,4.25,4.25,29600,HOTH
108,2019-07-23,4.51,6.99,4.0,6.75,6.75,165900,HOTH
109,2019-07-24,6.69,7.87,6.04,7.18,7.18,60900,HOTH
110,2019-07-25,7.56,7.56,5.909,6.2,6.2,48300,HOTH
111,2019-07-26,6.67,6.67,5.85,6.39,6.39,13800,HOTH
112,2019-07-29,6.33,6.36,5.568,5.57,5.57,16000,HOTH
113,2019-07-30,6.0,6.31,5.26,5.44,5.44,9600,HOTH
114,2019-07-31,5.4,5.9,5.4,5.74,5.74,8300,HOTH
115,2019-08-01,5.85,5.85,5.5,5.51,5.51,3300,HOTH
116,2019-08-02,5.4,5.7,5.31,5.42,5.42,4900,HOTH
117,2019-08-05,5.33,5.75,5.26,5.58,5.58,5200,HOTH
118,2019-08-06,5.46,5.48,5.26,5.48,5.48,3600,HOTH
119,2019-08-07,5.59,5.65,4.76,5.19,5.19,11500,HOTH
120,2019-08-08,5.0,5.45,4.55,5.34,5.34,15700,HOTH
121,2019-08-09,4.788,5.13,4.77,4.81,4.81,3700,HOTH
122,2019-08-12,4.78,5.33,4.78,5.144,5.144,3300,HOTH
123,2019-08-13,5.26,5.45,4.75,5.26,5.26,2200,HOTH
124,2019-08-14,5.37,5.37,5.31,5.31,5.31,2200,HOTH
125,2019-08-15,5.3,5.504,5.26,5.26,5.26,5700,HOTH
126,2019-08-16,5.59,5.59,5.35,5.422,5.422,900,HOTH
127,2019-08-19,5.59,6.05,5.3,5.605,5.605,5100,HOTH
128,2019-08-20,6.17,6.17,5.3,5.67,5.67,7800,HOTH
129,2019-08-21,5.9,6.25,5.55,5.605,5.605,5900,HOTH
130,2019-08-22,5.26,5.51,5.2,5.409,5.409,3000,HOTH
131,2019-08-23,5.5,5.5,4.96,5.145,5.145,2600,HOTH
132,2019-08-26,5.14,5.65,5.105,5.55,5.55,2500,HOTH
133,2019-08-27,5.31,5.356,5.13,5.3,5.3,4600,HOTH
134,2019-08-28,5.2,5.226,5.007,5.198,5.198,2700,HOTH
135,2019-08-29,5.55,6.1,4.71,5.5,5.5,8900,HOTH
136,2019-08-30,5.64,5.88,5.23,5.69,5.69,1600,HOTH
137,2019-09-03,5.35,5.45,4.762,5.01,5.01,13200,HOTH
138,2019-09-04,5.315,5.51,4.948,4.95,4.95,9200,HOTH
139,2019-09-05,5.086,5.086,4.76,5.0,5.0,5200,HOTH
140,2019-09-06,5.5,5.5,4.866,5.03,5.03,2600,HOTH
141,2019-09-09,5.25,5.25,4.79,4.95,4.95,5500,HOTH
142,2019-09-10,4.95,4.95,4.67,4.86,4.86,8400,HOTH
143,2019-09-11,4.85,5.095,4.515,4.81,4.81,3400,HOTH
144,2019-09-12,4.85,5.0,4.61,4.81,4.81,5600,HOTH
145,2019-09-13,5.0,5.335,4.53,5.335,5.335,20200,HOTH
146,2019-09-16,5.09,5.1,4.84,5.1,5.1,11100,HOTH
147,2019-09-17,5.25,5.62,5.03,5.35,5.35,14000,HOTH
148,2019-09-18,5.3,5.4,4.65,5.0,5.0,19900,HOTH
149,2019-09-19,5.13,5.3,4.52,4.61,4.61,15700,HOTH
150,2019-09-20,4.56,4.81,4.4,4.4,4.4,27400,HOTH
151,2019-09-23,4.64,4.71,4.3,4.5,4.5,26400,HOTH
152,2019-09-24,4.42,4.78,4.3,4.4,4.4,29900,HOTH
153,2019-09-25,4.356,4.66,4.33,4.35,4.35,10700,HOTH
154,2019-09-26,4.45,4.68,4.408,4.495,4.495,4400,HOTH
155,2019-09-27,4.6,4.68,4.27,4.5,4.5,2900,HOTH
156,2019-09-30,4.47,4.5,4.3,4.407,4.407,1700,HOTH
157,2019-10-01,4.31,4.548,4.19,4.447,4.447,16100,HOTH
158,2019-10-02,4.3,4.48,4.16,4.386,4.386,5600,HOTH
159,2019-10-03,4.152,4.48,4.15,4.48,4.48,4000,HOTH
160,2019-10-04,4.392,4.511,4.33,4.506,4.506,4200,HOTH
161,2019-10-07,4.446,4.5,4.428,4.45,4.45,4900,HOTH
162,2019-10-08,4.48,4.48,4.16,4.355,4.355,8100,HOTH
163,2019-10-09,4.193,4.25,4.18,4.2,4.2,4400,HOTH
164,2019-10-10,4.15,4.2,3.833,4.2,4.2,10200,HOTH
165,2019-10-11,3.931,4.22,3.931,4.195,4.195,3800,HOTH
166,2019-10-14,4.3,4.47,4.1,4.24,4.24,11100,HOTH
167,2019-10-15,4.5,4.9,4.3,4.31,4.31,65000,HOTH
168,2019-10-16,3.87,4.8,3.76,4.18,4.18,18800,HOTH
169,2019-10-17,4.04,4.18,3.8,3.99,3.99,40100,HOTH
170,2019-10-18,3.91,4.085,3.84,3.92,3.92,16100,HOTH
171,2019-10-21,3.99,4.5,3.9,4.319,4.319,10200,HOTH
172,2019-10-22,4.12,4.58,4.12,4.26,4.26,9300,HOTH
173,2019-10-23,4.21,4.52,4.205,4.23,4.23,5800,HOTH
174,2019-10-24,4.2,4.402,4.2,4.2,4.2,9800,HOTH
175,2019-10-25,4.15,4.172,4.0,4.04,4.04,5700,HOTH
176,2019-10-28,3.98,4.0,3.65,3.72,3.72,14300,HOTH
177,2019-10-29,3.68,3.86,3.51,3.69,3.69,15000,HOTH
178,2019-10-30,3.618,3.68,3.58,3.62,3.62,2100,HOTH
179,2019-10-31,3.51,3.51,3.26,3.339,3.339,18000,HOTH
180,2019-11-01,3.47,4.85,3.46,4.74,4.74,56400,HOTH
181,2019-11-04,4.93,4.98,4.068,4.7,4.7,38900,HOTH
182,2019-11-05,4.13,4.54,4.13,4.271,4.271,9000,HOTH
183,2019-11-06,4.164,4.46,4.0,4.3,4.3,42400,HOTH
184,2019-11-07,4.3,4.7,4.17,4.65,4.65,30400,HOTH
185,2019-11-08,4.4,4.7,4.19,4.7,4.7,11400,HOTH
186,2019-11-11,4.5,4.704,4.45,4.5,4.5,59900,HOTH
187,2019-11-12,4.47,4.67,4.41,4.533,4.533,21700,HOTH
188,2019-11-13,4.37,4.57,4.37,4.57,4.57,5900,HOTH
189,2019-11-14,4.63,4.63,4.405,4.5,4.5,34600,HOTH
190,2019-11-15,4.28,4.564,4.25,4.34,4.34,5900,HOTH
191,2019-11-18,4.5,4.5,4.09,4.23,4.23,41700,HOTH
192,2019-11-19,4.5,4.85,4.375,4.84,4.84,25800,HOTH
193,2019-11-20,4.85,5.032,4.53,4.6,4.6,16100,HOTH
194,2019-11-21,4.58,5.0,4.3,4.52,4.52,4600,HOTH
195,2019-11-22,4.9,4.9,4.4,4.64,4.64,15900,HOTH
196,2019-11-25,4.7,4.75,4.35,4.57,4.57,35800,HOTH
197,2019-11-26,4.272,5.04,4.25,4.95,4.95,37500,HOTH
198,2019-11-27,4.9,5.37,4.594,4.95,4.95,48800,HOTH
199,2019-11-29,4.779,4.946,4.589,4.946,4.946,2400,HOTH
200,2019-12-02,4.91,4.91,4.62,4.708,4.708,9400,HOTH
201,2019-12-03,4.85,4.85,4.51,4.76,4.76,8500,HOTH
202,2019-12-04,4.77,4.886,4.5,4.5,4.5,14000,HOTH
203,2019-12-05,4.614,4.614,4.38,4.446,4.446,15400,HOTH
204,2019-12-06,4.486,4.6,4.4,4.4,4.4,2700,HOTH
205,2019-12-09,4.41,4.66,4.35,4.52,4.52,33300,HOTH
206,2019-12-10,4.326,4.66,4.26,4.66,4.66,39000,HOTH
207,2019-12-11,4.45,4.66,4.429,4.5,4.5,10200,HOTH
208,2019-12-12,4.5,4.66,4.34,4.64,4.64,3600,HOTH
209,2019-12-13,4.5,4.65,4.36,4.446,4.446,4900,HOTH
210,2019-12-16,4.614,4.614,4.28,4.28,4.28,4800,HOTH
211,2019-12-17,4.37,4.475,4.2,4.22,4.22,6700,HOTH
212,2019-12-18,4.35,4.95,4.168,4.65,4.65,28200,HOTH
213,2019-12-19,5.11,5.15,4.65,4.97,4.97,124400,HOTH
214,2019-12-20,5.05,5.5,5.005,5.41,5.41,102300,HOTH
215,2019-12-23,5.5,5.75,4.76,5.26,5.26,87100,HOTH
216,2019-12-24,5.26,5.49,5.0,5.26,5.26,15500,HOTH
217,2019-12-26,5.18,5.25,4.968,5.15,5.15,9900,HOTH
218,2019-12-27,5.11,5.74,5.101,5.74,5.74,42200,HOTH
219,2019-12-30,5.74,7.25,5.608,5.998,5.998,107800,HOTH
220,2019-12-31,5.99,6.22,5.9,6.19,6.19,20200,HOTH
221,2020-01-02,6.16,7.0,6.02,6.59,6.59,61200,HOTH
222,2020-01-03,6.37,6.47,5.84,6.42,6.42,22000,HOTH
223,2020-01-06,6.0,6.333,5.53,5.86,5.86,31100,HOTH
224,2020-01-07,5.86,6.134,5.7,5.83,5.83,37500,HOTH
225,2020-01-08,5.86,5.86,5.02,5.374,5.374,32100,HOTH
226,2020-01-09,5.338,5.338,5.06,5.19,5.19,5800,HOTH
227,2020-01-10,5.04,5.267,5.04,5.13,5.13,10900,HOTH
228,2020-01-13,5.25,5.298,4.83,4.89,4.89,21100,HOTH
229,2020-01-14,4.975,4.975,4.605,4.91,4.91,17400,HOTH
230,2020-01-15,5.15,5.4,5.071,5.2,5.2,65000,HOTH
231,2020-01-16,5.36,5.4,5.03,5.155,5.155,33700,HOTH
232,2020-01-17,5.26,5.26,4.76,5.014,5.014,33900,HOTH
233,2020-01-21,5.15,5.22,5.0,5.15,5.15,55400,HOTH
234,2020-01-22,5.15,5.3,5.031,5.06,5.06,37600,HOTH
235,2020-01-23,5.06,5.12,4.91,4.91,4.91,15700,HOTH
236,2020-01-24,4.9,4.993,4.86,4.86,4.86,14200,HOTH
237,2020-01-27,4.81,5.05,4.706,4.71,4.71,18000,HOTH
238,2020-01-28,4.73,5.03,4.73,4.955,4.955,30200,HOTH
239,2020-01-29,5.25,5.25,4.66,4.872,4.872,43400,HOTH
240,2020-01-30,4.71,4.815,4.69,4.699,4.699,8000,HOTH
241,2020-01-31,4.76,4.899,4.7,4.7,4.7,23600,HOTH
242,2020-02-03,4.6,4.69,4.0,4.12,4.12,47500,HOTH
243,2020-02-04,4.27,4.65,3.75,4.65,4.65,55300,HOTH
244,2020-02-05,4.61,4.89,4.51,4.71,4.71,53700,HOTH
245,2020-02-06,4.7,5.09,4.63,4.78,4.78,81200,HOTH
246,2020-02-07,4.71,4.975,4.71,4.873,4.873,27600,HOTH
247,2020-02-10,4.71,5.01,4.71,4.88,4.88,15400,HOTH
248,2020-02-11,4.91,5.11,4.835,4.96,4.96,23600,HOTH
249,2020-02-12,6.36,7.2,4.51,4.949,4.949,1039800,HOTH
250,2020-02-13,4.51,5.05,4.35,4.82,4.82,104600,HOTH
251,2020-02-14,5.12,5.12,4.61,4.8,4.8,16400,HOTH
252,2020-02-18,4.64,4.823,4.57,4.7,4.7,23900,HOTH
253,2020-02-19,4.55,4.989,4.455,4.522,4.522,77900,HOTH
254,2020-02-20,4.525,4.79,4.4,4.41,4.41,13500,HOTH
255,2020-02-21,4.41,4.657,4.41,4.52,4.52,5900,HOTH
256,2020-02-24,4.42,4.42,4.3,4.35,4.35,9000,HOTH
257,2020-02-25,4.3,4.51,4.25,4.312,4.312,12100,HOTH
258,2020-02-26,4.26,4.376,4.2,4.35,4.35,5700,HOTH
259,2020-02-27,4.304,4.34,4.07,4.07,4.07,21300,HOTH
260,2020-02-28,4.01,4.342,3.883,4.193,4.193,7800,HOTH
261,2020-03-02,4.15,4.43,3.91,4.43,4.43,25900,HOTH
262,2020-03-03,4.22,4.344,4.053,4.1,4.1,9900,HOTH
263,2020-03-04,4.2,4.34,4.176,4.265,4.265,10900,HOTH
264,2020-03-05,4.3,4.3,3.9,3.9,3.9,30600,HOTH
265,2020-03-06,3.8,4.24,3.76,4.0,4.0,20200,HOTH
266,2020-03-09,3.97,4.195,3.76,4.15,4.15,16900,HOTH
267,2020-03-10,4.15,4.186,3.97,4.007,4.007,3000,HOTH
268,2020-03-11,4.01,4.01,3.76,3.84,3.84,14800,HOTH
269,2020-03-12,3.75,3.8,3.68,3.79,3.79,22500,HOTH
270,2020-03-13,3.63,3.79,3.48,3.72,3.72,14700,HOTH
271,2020-03-16,3.5,3.7,3.0,3.5,3.5,17100,HOTH
272,2020-03-17,3.38,3.38,2.8,2.8,2.8,21300,HOTH
273,2020-03-18,2.8,2.82,2.8,2.8,2.8,8700,HOTH
274,2020-03-19,2.8,3.36,2.595,2.62,2.62,17200,HOTH
275,2020-03-20,2.78,3.833,2.63,2.7,2.7,25000,HOTH
276,2020-03-23,5.73,7.0,3.02,3.74,3.74,7993800,HOTH
277,2020-03-24,3.5,3.6,3.08,3.15,3.15,812900,HOTH
278,2020-03-25,3.17,3.25,2.6,3.12,3.12,269900,HOTH
279,2020-03-26,2.82,3.13,2.8,2.96,2.96,174100,HOTH
280,2020-03-27,3.2,3.37,2.81,3.13,3.13,308800,HOTH
281,2020-03-30,3.43,3.43,2.9,3.04,3.04,130100,HOTH
282,2020-03-31,3.0,3.262,2.83,3.06,3.06,118200,HOTH
283,2020-04-01,2.91,3.025,2.723,3.01,3.01,109600,HOTH
284,2020-04-02,2.9,3.74,2.75,2.93,2.93,481600,HOTH
285,2020-04-03,2.97,3.05,2.86,3.03,3.03,90400,HOTH
286,2020-04-06,3.04,3.35,3.0,3.25,3.25,216400,HOTH
287,2020-04-07,3.26,3.26,2.97,3.11,3.11,61500,HOTH
288,2020-04-08,3.06,3.2,3.06,3.17,3.17,124900,HOTH
289,2020-04-09,3.1,3.25,3.05,3.13,3.13,120300,HOTH
290,2020-04-13,3.21,3.21,2.96,3.08,3.08,36000,HOTH
291,2020-04-14,3.07,3.2,3.02,3.12,3.12,88300,HOTH
292,2020-04-15,3.05,3.132,2.97,3.0,3.0,38300,HOTH
293,2020-04-16,2.96,3.1,2.92,3.0,3.0,67200,HOTH
294,2020-04-17,2.95,3.13,2.93,3.12,3.12,66000,HOTH
295,2020-04-20,3.02,3.19,2.91,3.12,3.12,83400,HOTH
296,2020-04-21,3.08,3.63,2.95,3.12,3.12,174200,HOTH
297,2020-04-22,3.3,4.25,3.25,4.08,4.08,1040000,HOTH
298,2020-04-23,4.04,4.39,3.21,3.42,3.42,1077800,HOTH
299,2020-04-24,3.15,4.15,3.03,3.41,3.41,910500,HOTH
300,2020-04-27,3.35,3.82,3.11,3.71,3.71,233300,HOTH
301,2020-04-28,3.69,3.88,3.6,3.7,3.7,126500,HOTH
302,2020-04-29,3.79,3.81,3.71,3.81,3.81,89000,HOTH
303,2020-04-30,3.81,3.89,3.52,3.55,3.55,86700,HOTH
304,2020-05-01,3.52,3.65,3.367,3.56,3.56,50800,HOTH
305,2020-05-04,3.52,3.573,3.2,3.36,3.36,45900,HOTH
306,2020-05-05,3.31,3.9,3.31,3.51,3.51,102200,HOTH
307,2020-05-06,3.5,3.65,3.36,3.595,3.595,49700,HOTH
308,2020-05-07,3.59,3.64,3.46,3.54,3.54,39500,HOTH
309,2020-05-08,3.64,3.745,3.492,3.68,3.68,70700,HOTH
310,2020-05-11,3.65,3.92,3.395,3.92,3.92,79400,HOTH
311,2020-05-12,3.88,4.03,3.766,3.95,3.95,45400,HOTH
312,2020-05-13,3.95,4.086,3.75,3.9,3.9,15400,HOTH
313,2020-05-14,3.78,3.895,3.701,3.8,3.8,31600,HOTH
314,2020-05-15,3.8,4.06,3.59,3.92,3.92,33300,HOTH
315,2020-05-18,4.1,4.15,3.78,3.86,3.86,108600,HOTH
316,2020-05-19,4.02,4.96,3.3,3.35,3.35,6003100,HOTH
317,2020-05-20,3.68,3.68,3.21,3.4,3.4,1787400,HOTH
318,2020-05-21,3.44,3.46,2.95,3.17,3.17,1304200,HOTH
319,2020-05-22,2.8,2.9,2.75,2.8,2.8,1746200,HOTH
320,2020-05-26,2.9,2.98,2.8,2.87,2.87,1337500,HOTH
321,2020-05-27,2.9,2.96,2.75,2.94,2.94,1224100,HOTH
322,2020-05-28,2.9,2.94,2.82,2.84,2.84,549800,HOTH
323,2020-05-29,2.9,3.0,2.86,2.89,2.89,628900,HOTH
324,2020-06-01,2.82,2.88,2.79,2.86,2.86,334100,HOTH
325,2020-06-02,2.81,2.9,2.788,2.9,2.9,311600,HOTH
326,2020-06-03,2.87,2.89,2.77,2.87,2.87,681100,HOTH
327,2020-06-04,2.82,2.87,2.76,2.8,2.8,344200,HOTH
328,2020-06-05,2.8,2.85,2.77,2.8,2.8,423300,HOTH
329,2020-06-08,2.88,2.95,2.81,2.9,2.9,975600,HOTH
330,2020-06-09,2.9,2.9,2.79,2.82,2.82,356700,HOTH
331,2020-06-10,2.81,2.85,2.76,2.84,2.84,311800,HOTH
332,2020-06-11,2.78,2.78,2.56,2.63,2.63,658700,HOTH
333,2020-06-12,2.73,2.74,2.52,2.63,2.63,347900,HOTH
334,2020-06-15,2.64,2.735,2.52,2.71,2.71,452300,HOTH
335,2020-06-16,2.7,2.76,2.63,2.71,2.71,503100,HOTH
336,2020-06-17,2.7,2.711,2.5,2.65,2.65,359900,HOTH
337,2020-06-18,2.62,2.68,2.6,2.64,2.64,203600,HOTH
338,2020-06-19,2.64,2.66,2.6,2.62,2.62,172500,HOTH
339,2020-06-22,2.6,2.64,2.56,2.61,2.61,130200,HOTH
340,2020-06-23,2.61,2.64,2.55,2.6,2.6,208200,HOTH
341,2020-06-24,2.62,2.62,2.5,2.54,2.54,303900,HOTH
342,2020-06-25,2.52,2.6,2.5,2.58,2.58,318400,HOTH
343,2020-06-26,2.58,2.58,2.5,2.56,2.56,379900,HOTH
344,2020-06-29,2.52,2.55,2.5,2.53,2.53,172600,HOTH
345,2020-06-30,2.65,2.8,2.54,2.58,2.58,1974100,HOTH
346,2020-07-01,2.52,2.6,2.31,2.58,2.58,781800,HOTH
347,2020-07-02,2.5,2.53,2.46,2.5,2.5,153100,HOTH
348,2020-07-06,2.48,2.49,2.42,2.44,2.44,146600,HOTH
349,2020-07-07,2.45,2.57,2.33,2.54,2.54,388400,HOTH
350,2020-07-08,2.72,2.74,2.45,2.65,2.65,1469900,HOTH
351,2020-07-09,2.7,2.74,2.52,2.52,2.52,460800,HOTH
352,2020-07-10,2.55,2.59,2.5,2.58,2.58,172500,HOTH
353,2020-07-13,2.58,2.64,2.5,2.51,2.51,461700,HOTH
354,2020-07-14,2.61,2.62,2.5,2.62,2.62,377600,HOTH
355,2020-07-15,2.6,2.79,2.55,2.74,2.74,871600,HOTH
356,2020-07-16,2.75,2.77,2.64,2.77,2.77,454800,HOTH
357,2020-07-17,2.82,3.89,2.78,2.99,2.99,6356400,HOTH
358,2020-07-20,3.09,3.28,2.84,3.15,3.15,2047100,HOTH
359,2020-07-21,3.19,3.34,2.96,3.05,3.05,1054500,HOTH
360,2020-07-22,3.04,3.08,2.96,2.97,2.97,378800,HOTH
361,2020-07-23,3.0,3.0,2.79,2.85,2.85,403700,HOTH
362,2020-07-24,2.81,3.06,2.8,2.92,2.92,1171800,HOTH
363,2020-07-27,2.95,3.02,2.66,2.77,2.77,727400,HOTH
364,2020-07-28,2.73,2.826,2.7,2.8,2.8,302100,HOTH
365,2020-07-29,2.82,2.82,2.615,2.69,2.69,261400,HOTH
366,2020-07-30,2.65,2.762,2.62,2.72,2.72,206900,HOTH
367,2020-07-31,2.91,3.04,2.64,2.73,2.73,1800500,HOTH
368,2020-08-03,2.76,2.83,2.64,2.79,2.79,613500,HOTH
369,2020-08-04,2.76,2.785,2.7,2.77,2.77,188400,HOTH
370,2020-08-05,2.76,2.89,2.71,2.81,2.81,459200,HOTH
371,2020-08-06,2.82,2.85,2.745,2.79,2.79,230200,HOTH
372,2020-08-07,2.77,2.781,2.735,2.76,2.76,123600,HOTH
373,2020-08-10,3.255,3.48,2.91,3.13,3.13,12323200,HOTH
374,2020-08-11,3.03,3.1,2.88,2.94,2.94,1307800,HOTH
375,2020-08-12,2.9,2.9,2.64,2.66,2.66,926700,HOTH
376,2020-08-13,2.73,2.73,2.65,2.66,2.66,247400,HOTH
377,2020-08-14,2.7,2.7,2.57,2.69,2.69,269700,HOTH
378,2020-08-17,2.67,2.67,2.6,2.65,2.65,277800,HOTH
379,2020-08-18,2.63,2.89,2.6,2.78,2.78,1028300,HOTH
380,2020-08-19,2.74,2.77,2.595,2.62,2.62,1038600,HOTH
381,2020-08-20,2.59,2.6,2.41,2.48,2.48,568300,HOTH
382,2020-08-21,2.48,2.5,2.42,2.47,2.47,335900,HOTH
383,2020-08-24,2.45,2.56,2.3,2.48,2.48,575600,HOTH
384,2020-08-25,2.45,2.64,2.435,2.54,2.54,365500,HOTH
385,2020-08-26,2.5,2.59,2.48,2.59,2.59,212200,HOTH
386,2020-08-27,2.52,2.565,2.48,2.51,2.51,246700,HOTH
387,2020-08-28,2.54,2.627,2.501,2.62,2.62,290700,HOTH
388,2020-08-31,2.66,2.75,2.55,2.65,2.65,330500,HOTH
389,2020-09-01,2.65,2.67,2.53,2.57,2.57,288800,HOTH
390,2020-09-02,2.55,2.57,2.43,2.47,2.47,227800,HOTH
391,2020-09-03,2.46,2.57,2.41,2.41,2.41,244800,HOTH
392,2020-09-04,2.38,2.415,2.195,2.31,2.31,414200,HOTH
393,2020-09-08,2.27,2.38,2.23,2.28,2.28,132300,HOTH
394,2020-09-09,2.29,2.353,2.14,2.25,2.25,223500,HOTH
395,2020-09-10,2.23,2.235,2.15,2.19,2.19,186300,HOTH
396,2020-09-11,2.18,2.32,2.165,2.29,2.29,315100,HOTH
397,2020-09-14,2.29,2.369,2.25,2.33,2.33,153700,HOTH
398,2020-09-15,2.3,2.376,2.25,2.25,2.25,142600,HOTH
399,2020-09-16,2.21,2.38,2.21,2.34,2.34,476700,HOTH
400,2020-09-17,2.31,2.42,2.23,2.41,2.41,388600,HOTH
401,2020-09-18,2.38,2.4,2.31,2.35,2.35,82800,HOTH
402,2020-09-21,2.31,2.74,2.22,2.28,2.28,1089400,HOTH
403,2020-09-22,2.28,2.28,2.17,2.21,2.21,164200,HOTH
404,2020-09-23,2.2,2.201,2.06,2.06,2.06,257200,HOTH
405,2020-09-24,2.07,2.072,1.87,1.97,1.97,315300,HOTH
406,2020-09-25,1.98,2.04,1.91,1.95,1.95,117100,HOTH
407,2020-09-28,1.96,1.984,1.767,1.86,1.86,247000,HOTH
408,2020-09-29,1.85,1.99,1.83,1.99,1.99,164600,HOTH
409,2020-09-30,1.96,2.02,1.943,1.97,1.97,92300,HOTH
410,2020-10-01,1.96,1.97,1.92,1.95,1.95,72100,HOTH
411,2020-10-02,1.84,1.94,1.84,1.9,1.9,78900,HOTH
412,2020-10-05,1.91,1.92,1.86,1.87,1.87,78800,HOTH
413,2020-10-06,1.9,1.98,1.84,1.91,1.91,223500,HOTH
414,2020-10-07,1.93,1.984,1.9,1.92,1.92,83200,HOTH
415,2020-10-08,1.92,1.95,1.9,1.92,1.92,72100,HOTH
416,2020-10-09,1.91,1.92,1.83,1.86,1.86,146300,HOTH
417,2020-10-12,1.86,1.9,1.84,1.86,1.86,105400,HOTH
418,2020-10-13,1.85,1.88,1.85,1.86,1.86,93900,HOTH
419,2020-10-14,1.86,1.96,1.82,1.86,1.86,241000,HOTH
420,2020-10-15,1.85,1.88,1.79,1.8,1.8,231800,HOTH
421,2020-10-16,1.8,1.82,1.768,1.79,1.79,197600,HOTH
422,2020-10-19,1.77,1.83,1.73,1.8,1.8,187600,HOTH
423,2020-10-20,1.8,1.93,1.77,1.82,1.82,582500,HOTH
424,2020-10-21,1.85,1.88,1.76,1.83,1.83,188000,HOTH
425,2020-10-22,1.83,1.87,1.79,1.79,1.79,84200,HOTH
426,2020-10-23,1.79,1.9,1.79,1.88,1.88,136400,HOTH
427,2020-10-26,1.87,1.9,1.77,1.8,1.8,85900,HOTH
428,2020-10-27,1.84,1.84,1.75,1.77,1.77,107600,HOTH
429,2020-10-28,1.77,1.79,1.64,1.73,1.73,119600,HOTH
430,2020-10-29,1.7,1.785,1.7,1.75,1.75,77300,HOTH
431,2020-10-30,1.72,1.8,1.63,1.67,1.67,119300,HOTH
432,2020-11-02,1.64,1.88,1.6,1.65,1.65,434200,HOTH
433,2020-11-03,1.736,1.75,1.7,1.74,1.74,217600,HOTH
434,2020-11-04,1.74,1.76,1.71,1.72,1.72,139300,HOTH
435,2020-11-05,1.74,1.86,1.73,1.83,1.83,145200,HOTH
436,2020-11-06,1.83,1.9,1.792,1.84,1.84,128900,HOTH
437,2020-11-09,1.85,1.89,1.76,1.78,1.78,106200,HOTH
438,2020-11-10,1.8,1.85,1.65,1.74,1.74,129400,HOTH
439,2020-11-11,1.78,1.78,1.68,1.699,1.699,76600,HOTH
440,2020-11-12,1.73,1.74,1.69,1.74,1.74,64500,HOTH
441,2020-11-13,1.79,1.79,1.7,1.74,1.74,48900,HOTH
442,2020-11-16,1.75,1.75,1.7,1.71,1.71,60300,HOTH
443,2020-11-17,1.71,1.77,1.708,1.76,1.76,59400,HOTH
444,2020-11-18,1.75,1.81,1.71,1.77,1.77,147900,HOTH
445,2020-11-19,1.75,1.8,1.72,1.75,1.75,63900,HOTH
446,2020-11-20,1.76,1.76,1.67,1.73,1.73,179500,HOTH
447,2020-11-23,1.73,1.756,1.69,1.7,1.7,106100,HOTH
448,2020-11-24,1.71,1.73,1.69,1.71,1.71,68300,HOTH
449,2020-11-25,1.72,1.72,1.651,1.67,1.67,157300,HOTH
450,2020-11-27,1.72,1.72,1.67,1.69,1.69,174700,HOTH
451,2020-11-30,1.69,1.73,1.63,1.72,1.72,163600,HOTH
452,2020-12-01,1.74,1.75,1.68,1.71,1.71,147300,HOTH
453,2020-12-02,1.71,1.735,1.662,1.72,1.72,145600,HOTH
454,2020-12-03,1.73,1.82,1.685,1.77,1.77,239800,HOTH
455,2020-12-04,1.77,1.79,1.72,1.73,1.73,133500,HOTH
456,2020-12-07,1.74,1.75,1.65,1.69,1.69,126400,HOTH
457,2020-12-08,1.74,1.74,1.68,1.71,1.71,141400,HOTH
458,2020-12-09,1.68,1.7,1.65,1.65,1.65,504900,HOTH
459,2020-12-10,1.72,2.0,1.7,1.84,1.84,2152800,HOTH
460,2020-12-11,1.78,1.79,1.68,1.75,1.75,335300,HOTH
461,2020-12-14,1.75,1.75,1.69,1.71,1.71,126200,HOTH
462,2020-12-15,1.71,1.71,1.665,1.69,1.69,220500,HOTH
463,2020-12-16,1.68,1.74,1.67,1.69,1.69,122500,HOTH
464,2020-12-17,1.68,1.7,1.64,1.68,1.68,330100,HOTH
465,2020-12-18,1.67,1.7,1.64,1.66,1.66,271100,HOTH
466,2020-12-21,1.7,1.7,1.64,1.67,1.67,187800,HOTH
467,2020-12-22,1.67,1.676,1.61,1.66,1.66,234400,HOTH
468,2020-12-23,1.65,1.88,1.62,1.65,1.65,871700,HOTH
469,2020-12-24,1.67,1.68,1.6,1.66,1.66,304500,HOTH
470,2020-12-28,1.68,1.68,1.62,1.65,1.65,228600,HOTH
471,2020-12-29,1.65,1.66,1.56,1.58,1.58,350900,HOTH
472,2020-12-30,1.6,1.66,1.58,1.64,1.64,389000,HOTH
473,2020-12-31,2.98,3.1,2.24,2.37,2.37,113187700,HOTH
474,2021-01-04,2.71,2.72,2.35,2.51,2.51,13266800,HOTH
475,2021-01-05,2.159,2.51,2.06,2.3,2.3,4427200,HOTH
476,2021-01-06,2.25,2.34,2.1,2.12,2.12,1567500,HOTH
477,2021-01-07,2.12,2.25,2.11,2.17,2.17,873200,HOTH
478,2021-01-08,2.24,2.25,2.06,2.08,2.08,1150100,HOTH
479,2021-01-11,2.06,2.18,2.0,2.11,2.11,1154900,HOTH
480,2021-01-12,2.15,2.26,2.11,2.24,2.24,855300,HOTH
481,2021-01-13,2.37,2.41,2.13,2.18,2.18,2651900,HOTH
482,2021-01-14,2.21,2.27,2.16,2.25,2.25,825500,HOTH
483,2021-01-15,2.21,2.24,2.13,2.2,2.2,446700,HOTH
484,2021-01-19,2.18,2.225,2.11,2.15,2.15,918100,HOTH
485,2021-01-20,2.3,2.35,2.15,2.24,2.24,2474500,HOTH
486,2021-01-21,2.2,2.24,2.15,2.24,2.24,685900,HOTH
487,2021-01-22,2.19,2.32,2.18,2.32,2.32,791200,HOTH
488,2021-01-25,2.35,2.36,2.16,2.32,2.32,933700,HOTH
489,2021-01-26,2.33,2.5,2.33,2.47,2.47,2268200,HOTH
490,2021-01-27,2.34,2.38,2.21,2.23,2.23,1198800,HOTH
491,2021-01-28,2.26,2.3,2.0,2.19,2.19,1304500,HOTH
492,2021-01-29,2.19,2.21,2.1,2.11,2.11,550000,HOTH
493,2021-02-01,2.2,2.2,2.06,2.13,2.13,432700,HOTH
494,2021-02-02,2.236,2.236,2.15,2.19,2.19,491200,HOTH
495,2021-02-03,2.19,2.25,2.18,2.21,2.21,474700,HOTH
496,2021-02-04,2.2,2.3,2.2,2.21,2.21,836800,HOTH
497,2021-02-05,2.26,2.28,2.2,2.24,2.24,730100,HOTH
498,2021-02-08,2.29,2.77,2.25,2.4,2.4,6470000,HOTH
499,2021-02-09,2.47,2.479,2.36,2.41,2.41,1686600,HOTH
500,2021-02-10,2.625,2.75,2.3,2.49,2.49,4178800,HOTH
501,2021-02-11,2.5,2.67,2.39,2.5,2.5,2022800,HOTH
502,2021-02-12,2.455,2.503,2.4,2.45,2.45,768500,HOTH
503,2021-02-16,2.43,2.54,2.43,2.49,2.49,902600,HOTH
504,2021-02-17,2.48,3.11,2.39,3.04,3.04,14252500,HOTH
505,2021-02-18,3.07,3.5,2.62,2.67,2.67,15802300,HOTH
506,2021-02-19,2.719,2.75,2.5,2.54,2.54,1708100,HOTH
507,2021-02-22,2.44,2.51,2.27,2.3,2.3,1778300,HOTH
508,2021-02-23,2.3,2.56,2.069,2.47,2.47,7958800,HOTH
509,2021-02-24,2.422,3.44,2.33,2.67,2.67,27408500,HOTH
510,2021-02-25,2.56,2.56,2.3,2.32,2.32,3561900,HOTH
511,2021-02-26,2.3,2.7,2.21,2.35,2.35,3262900,HOTH
512,2021-03-01,2.35,2.468,2.22,2.31,2.31,2587700,HOTH
513,2021-03-02,2.31,2.35,2.2,2.24,2.24,928500,HOTH
514,2021-03-03,2.26,2.272,2.11,2.17,2.17,1200100,HOTH
515,2021-03-04,2.15,2.15,1.87,1.93,1.93,1333600,HOTH
516,2021-03-05,1.96,1.96,1.71,1.85,1.85,1392300,HOTH
517,2021-03-08,1.87,1.97,1.81,1.93,1.93,385500,HOTH
518,2021-03-09,1.81,2.0,1.75,1.97,1.97,3763500,HOTH
519,2021-03-10,1.98,1.99,1.81,1.9,1.9,1035700,HOTH
520,2021-03-11,2.13,2.15,1.95,2.05,2.05,2553100,HOTH
521,2021-03-12,2.02,2.19,1.98,2.15,2.15,1041100,HOTH
522,2021-03-15,2.124,2.18,2.073,2.15,2.15,1121400,HOTH
523,2021-03-16,2.15,2.2,2.03,2.12,2.12,1237800,HOTH
524,2021-03-17,2.15,2.31,2.08,2.18,2.18,1676200,HOTH
525,2021-03-18,2.17,2.25,2.1,2.16,2.16,1225000,HOTH
526,2021-03-19,2.15,2.23,2.11,2.21,2.21,771400,HOTH
527,2021-03-22,2.24,2.29,2.175,2.18,2.18,478400,HOTH
528,2021-03-23,3.06,3.15,2.33,2.51,2.51,80438900,HOTH
529,2021-03-24,2.41,2.43,2.2,2.21,2.21,5081600,HOTH
530,2021-03-25,2.12,2.35,2.1,2.12,2.12,1557200,HOTH
531,2021-03-26,2.122,2.145,2.02,2.09,2.09,984300,HOTH
532,2021-03-29,2.07,2.08,1.88,1.91,1.91,912000,HOTH
533,2021-03-30,1.947,1.947,1.85,1.89,1.89,505100,HOTH
534,2021-03-31,1.88,2.0,1.87,1.97,1.97,700300,HOTH
535,2021-04-01,1.98,2.08,1.98,2.03,2.03,913300,HOTH
536,2021-04-05,2.06,2.16,2.03,2.14,2.14,943400,HOTH
537,2021-04-06,2.11,2.11,1.95,1.97,1.97,2054200,HOTH
538,2021-04-07,1.96,1.99,1.91,1.95,1.95,1038000,HOTH
539,2021-04-08,1.95,1.97,1.9,1.91,1.91,999500,HOTH
540,2021-04-09,1.92,1.94,1.78,1.78,1.78,1371000,HOTH
541,2021-04-12,1.82,1.85,1.65,1.66,1.66,2463300,HOTH
542,2021-04-13,1.69,1.76,1.65,1.68,1.68,1977300,HOTH
543,2021-04-14,1.66,1.74,1.63,1.65,1.65,1529900,HOTH
544,2021-04-15,1.64,1.67,1.521,1.64,1.64,2210200,HOTH
545,2021-04-16,1.6,1.61,1.51,1.58,1.58,1204600,HOTH
546,2021-04-19,1.56,1.6,1.41,1.46,1.46,1102600,HOTH
547,2021-04-20,1.8,1.93,1.47,1.54,1.54,41077900,HOTH
548,2021-04-21,1.463,1.549,1.4,1.53,1.53,3930700,HOTH
549,2021-04-22,1.53,1.6,1.47,1.52,1.52,3471700,HOTH
550,2021-04-23,1.5,1.54,1.48,1.53,1.53,1335500,HOTH
551,2021-04-26,1.54,1.61,1.52,1.55,1.55,1257200,HOTH
552,2021-04-27,1.55,1.57,1.52,1.53,1.53,688100,HOTH
553,2021-04-28,1.55,1.55,1.5,1.54,1.54,685400,HOTH
554,2021-04-29,1.52,1.541,1.47,1.49,1.49,754000,HOTH
555,2021-04-30,1.48,1.53,1.48,1.51,1.51,697600,HOTH
556,2021-05-03,1.646,1.75,1.48,1.54,1.54,10556000,HOTH
557,2021-05-04,1.54,1.541,1.37,1.42,1.42,4071000,HOTH
558,2021-05-05,1.51,1.52,1.415,1.51,1.51,2079900,HOTH
559,2021-05-06,1.46,1.52,1.38,1.5,1.5,2023900,HOTH
560,2021-05-07,1.45,1.5,1.45,1.48,1.48,756800,HOTH
561,2021-05-10,1.45,1.451,1.36,1.37,1.37,1254200,HOTH
562,2021-05-11,1.3,1.39,1.266,1.37,1.37,1027900,HOTH
563,2021-05-12,1.35,1.37,1.328,1.33,1.33,624700,HOTH
564,2021-05-13,1.35,1.37,1.279,1.31,1.31,617400,HOTH
565,2021-05-14,1.27,1.38,1.27,1.36,1.36,376600,HOTH
566,2021-05-17,1.37,1.42,1.33,1.39,1.39,547800,HOTH
567,2021-05-18,1.41,1.49,1.36,1.44,1.44,770500,HOTH
568,2021-05-19,1.37,1.43,1.36,1.41,1.41,212400,HOTH
569,2021-05-20,1.43,1.45,1.4,1.4,1.4,247000,HOTH
570,2021-05-21,1.41,1.53,1.41,1.49,1.49,1665900,HOTH
571,2021-05-24,1.44,1.46,1.4,1.4,1.4,408000,HOTH
572,2021-05-25,1.43,1.43,1.4,1.42,1.42,361000,HOTH
573,2021-05-26,1.4,1.44,1.39,1.42,1.42,550100,HOTH
574,2021-05-27,1.4,1.459,1.4,1.445,1.445,345800,HOTH
575,2021-05-28,1.45,1.479,1.43,1.45,1.45,334300,HOTH
576,2021-06-01,1.46,1.54,1.46,1.53,1.53,719000,HOTH
577,2021-06-02,1.54,1.588,1.505,1.53,1.53,703300,HOTH
578,2021-06-03,1.53,1.6,1.51,1.57,1.57,1093100,HOTH
579,2021-06-04,1.56,1.58,1.53,1.55,1.55,370500,HOTH
580,2021-06-07,1.59,2.2,1.55,1.75,1.75,19830900,HOTH
581,2021-06-08,1.68,1.72,1.57,1.63,1.63,5395400,HOTH
582,2021-06-09,1.6,1.68,1.58,1.6,1.6,1829100,HOTH
583,2021-06-10,1.63,1.63,1.53,1.6,1.6,1213900,HOTH
584,2021-06-11,1.57,1.6,1.56,1.59,1.59,343200,HOTH
585,2021-06-14,1.59,1.66,1.59,1.63,1.63,1114200,HOTH
586,2021-06-15,1.63,1.63,1.53,1.57,1.57,1027800,HOTH
587,2021-06-16,1.565,1.59,1.51,1.59,1.59,593800,HOTH
588,2021-06-17,1.57,1.62,1.57,1.61,1.61,400000,HOTH
589,2021-06-18,1.6,1.65,1.52,1.54,1.54,717700,HOTH
590,2021-06-21,1.52,1.54,1.5,1.52,1.52,607400,HOTH
591,2021-06-22,1.5,1.56,1.5,1.56,1.56,310200,HOTH
592,2021-06-23,1.54,1.63,1.54,1.63,1.63,415100,HOTH
593,2021-06-24,1.61,1.64,1.6,1.61,1.61,188900,HOTH
594,2021-06-25,1.59,1.63,1.58,1.59,1.59,467200,HOTH
595,2021-06-28,1.61,1.69,1.54,1.58,1.58,1730900,HOTH
596,2021-06-29,1.56,1.58,1.52,1.53,1.53,344000,HOTH
597,2021-06-30,1.53,1.6,1.51,1.6,1.6,331300,HOTH
598,2021-07-01,1.57,1.65,1.57,1.62,1.62,687400,HOTH
599,2021-07-02,1.59,1.6,1.54,1.54,1.54,288800,HOTH
600,2021-07-06,1.56,1.56,1.51,1.52,1.52,250800,HOTH
601,2021-07-07,1.53,1.54,1.41,1.41,1.41,409600,HOTH
602,2021-07-08,1.36,1.44,1.35,1.4,1.4,168900,HOTH
603,2021-07-09,1.46,1.48,1.44,1.46,1.46,107900,HOTH
604,2021-07-12,1.46,1.5,1.43,1.49,1.49,170300,HOTH
605,2021-07-13,1.5,1.51,1.44,1.45,1.45,753600,HOTH
606,2021-07-14,1.44,1.44,1.38,1.38,1.38,246700,HOTH
607,2021-07-15,1.38,1.42,1.36,1.41,1.41,326700,HOTH
608,2021-07-16,1.39,1.409,1.379,1.38,1.38,76500,HOTH
609,2021-07-19,1.37,1.4,1.36,1.37,1.37,169100,HOTH
610,2021-07-20,1.37,1.41,1.36,1.39,1.39,162100,HOTH
611,2021-07-21,1.4,1.46,1.39,1.39,1.39,596000,HOTH
612,2021-07-22,1.4,1.41,1.375,1.39,1.39,146500,HOTH
613,2021-07-23,1.42,1.42,1.37,1.39,1.39,234300,HOTH
614,2021-07-26,1.38,1.38,1.33,1.37,1.37,183400,HOTH
615,2021-07-27,1.36,1.36,1.32,1.33,1.33,69200,HOTH
616,2021-07-28,1.32,1.38,1.32,1.36,1.36,193200,HOTH
617,2021-07-29,1.34,1.35,1.31,1.32,1.32,180700,HOTH
618,2021-07-30,1.31,1.33,1.29,1.29,1.29,143200,HOTH
619,2021-08-02,1.35,1.369,1.32,1.36,1.36,1074400,HOTH
620,2021-08-03,1.35,1.475,1.32,1.45,1.45,1785000,HOTH
621,2021-08-04,1.44,1.48,1.371,1.38,1.38,771100,HOTH
622,2021-08-05,1.42,1.42,1.31,1.34,1.34,425200,HOTH
623,2021-08-06,1.32,1.33,1.29,1.3,1.3,330600,HOTH
624,2021-08-09,1.32,1.33,1.27,1.32,1.32,511600,HOTH
625,2021-08-10,1.32,1.339,1.27,1.27,1.27,2166400,HOTH
626,2021-08-11,1.36,1.39,1.27,1.32,1.32,2722600,HOTH
627,2021-08-12,1.28,1.4,1.25,1.32,1.32,1120200,HOTH
628,2021-08-13,1.29,1.31,1.26,1.28,1.28,388800,HOTH
629,2021-08-16,1.26,1.275,1.21,1.21,1.21,472600,HOTH
630,2021-08-17,1.2,1.21,1.14,1.16,1.16,417200,HOTH
631,2021-08-18,1.16,1.208,1.14,1.18,1.18,291200,HOTH
632,2021-08-19,1.18,1.189,1.15,1.16,1.16,199600,HOTH
633,2021-08-20,1.17,1.19,1.16,1.17,1.17,126700,HOTH
634,2021-08-23,1.183,1.23,1.18,1.21,1.21,149100,HOTH
635,2021-08-24,1.22,1.27,1.2,1.26,1.26,247500,HOTH
636,2021-08-25,1.26,1.28,1.25,1.27,1.27,184600,HOTH
637,2021-08-26,1.33,1.46,1.25,1.31,1.31,3980000,HOTH
638,2021-08-27,1.27,1.303,1.25,1.27,1.27,384800,HOTH
639,2021-08-30,1.27,1.3,1.22,1.27,1.27,322300,HOTH
640,2021-08-31,1.27,1.36,1.23,1.36,1.36,475700,HOTH
641,2021-09-01,1.35,1.36,1.3,1.32,1.32,177700,HOTH
642,2021-09-02,1.31,1.33,1.3,1.3,1.3,166200,HOTH
643,2021-09-03,1.28,1.32,1.28,1.3,1.3,99100,HOTH
644,2021-09-07,1.3,1.369,1.29,1.34,1.34,493700,HOTH
645,2021-09-08,1.32,1.34,1.29,1.34,1.34,821600,HOTH
646,2021-09-09,1.32,1.35,1.3,1.32,1.32,141500,HOTH
647,2021-09-10,1.31,1.35,1.29,1.33,1.33,162700,HOTH
648,2021-09-13,1.34,1.34,1.29,1.3,1.3,124800,HOTH
649,2021-09-14,1.31,1.33,1.26,1.27,1.27,197700,HOTH
650,2021-09-15,1.28,1.28,1.23,1.25,1.25,195300,HOTH
651,2021-09-16,1.26,1.27,1.23,1.26,1.26,77700,HOTH
652,2021-09-17,1.28,1.28,1.24,1.24,1.24,162300,HOTH
653,2021-09-20,1.22,1.24,1.185,1.19,1.19,191600,HOTH
654,2021-09-21,1.21,1.32,1.2,1.2,1.2,604700,HOTH
655,2021-09-22,1.2,1.242,1.2,1.23,1.23,127000,HOTH
656,2021-09-23,1.22,1.24,1.21,1.23,1.23,66900,HOTH
657,2021-09-24,1.22,1.24,1.21,1.23,1.23,185800,HOTH
658,2021-09-27,1.22,1.24,1.2,1.23,1.23,199900,HOTH
659,2021-09-28,1.21,1.22,1.18,1.19,1.19,172500,HOTH
660,2021-09-29,1.21,1.21,1.15,1.15,1.15,213600,HOTH
661,2021-09-30,1.17,1.2,1.16,1.19,1.19,171400,HOTH
662,2021-10-01,1.18,1.2,1.17,1.18,1.18,54800,HOTH
663,2021-10-04,1.16,1.18,1.15,1.16,1.16,147700,HOTH
664,2021-10-05,1.16,1.17,1.13,1.14,1.14,165100,HOTH
665,2021-10-06,1.12,1.16,1.11,1.16,1.16,137200,HOTH
666,2021-10-07,1.14,1.169,1.13,1.15,1.15,207600,HOTH
667,2021-10-08,1.15,1.18,1.15,1.18,1.18,74400,HOTH
668,2021-10-11,1.18,1.2,1.144,1.15,1.15,97300,HOTH
669,2021-10-12,1.15,1.29,1.145,1.16,1.16,744700,HOTH
670,2021-10-13,1.17,1.18,1.15,1.17,1.17,119500,HOTH
671,2021-10-14,1.18,1.18,1.15,1.18,1.18,118200,HOTH
672,2021-10-15,1.19,1.19,1.15,1.16,1.16,102500,HOTH
673,2021-10-18,1.17,1.17,1.09,1.13,1.13,334300,HOTH
674,2021-10-19,1.12,1.24,1.06,1.13,1.13,1229800,HOTH
675,2021-10-20,1.13,1.14,1.1,1.12,1.12,147100,HOTH
676,2021-10-21,1.13,1.151,1.12,1.14,1.14,89900,HOTH
677,2021-10-22,1.13,1.14,1.09,1.09,1.09,231900,HOTH
678,2021-10-25,1.1,1.1,1.04,1.06,1.06,272500,HOTH
679,2021-10-26,1.06,1.09,1.06,1.09,1.09,110400,HOTH
680,2021-10-27,1.09,1.09,1.06,1.07,1.07,194600,HOTH
681,2021-10-28,1.07,1.09,1.06,1.07,1.07,73000,HOTH
682,2021-10-29,1.08,1.09,1.06,1.07,1.07,100000,HOTH
683,2021-11-01,1.06,1.14,1.06,1.1,1.1,465200,HOTH
684,2021-11-02,1.1,1.14,1.07,1.11,1.11,356200,HOTH
685,2021-11-03,1.09,1.13,1.09,1.12,1.12,185000,HOTH
686,2021-11-04,1.11,1.18,1.106,1.16,1.16,469000,HOTH
687,2021-11-05,1.15,1.159,1.09,1.1,1.1,200600,HOTH
688,2021-11-08,1.09,1.13,1.09,1.11,1.11,857000,HOTH
689,2021-11-09,1.1,1.11,1.07,1.07,1.07,213600,HOTH
690,2021-11-10,1.07,1.08,1.04,1.06,1.06,357100,HOTH
691,2021-11-11,1.07,1.07,1.03,1.04,1.04,177800,HOTH
692,2021-11-12,1.05,1.08,1.03,1.06,1.06,134000,HOTH
693,2021-11-15,1.06,1.06,1.02,1.02,1.02,200200,HOTH
694,2021-11-16,1.0,1.02,0.963,1.0,1.0,737000,HOTH
695,2021-11-17,0.981,1.01,0.918,0.935,0.935,556700,HOTH
696,2021-11-18,0.932,0.94,0.84,0.87,0.87,641900,HOTH
697,2021-11-19,0.83,0.868,0.83,0.845,0.845,201500,HOTH
698,2021-11-22,0.843,0.85,0.78,0.814,0.814,326500,HOTH
699,2021-11-23,0.82,0.827,0.792,0.816,0.816,166200,HOTH
700,2021-11-24,0.801,0.868,0.801,0.85,0.85,331900,HOTH
701,2021-11-26,0.84,0.854,0.811,0.85,0.85,98800,HOTH
702,2021-11-29,0.836,0.86,0.825,0.834,0.834,129000,HOTH
703,2021-11-30,0.834,0.87,0.81,0.819,0.819,309000,HOTH
704,2021-12-01,0.819,0.876,0.811,0.811,0.811,239600,HOTH
705,2021-12-02,0.82,0.843,0.779,0.806,0.806,150000,HOTH
706,2021-12-03,0.807,0.81,0.732,0.745,0.745,190800,HOTH
707,2021-12-06,0.734,0.74,0.69,0.738,0.738,215100,HOTH
708,2021-12-07,0.735,0.791,0.71,0.78,0.78,195900,HOTH
709,2021-12-08,0.79,0.849,0.782,0.814,0.814,789200,HOTH
710,2021-12-09,0.82,0.84,0.77,0.77,0.77,278300,HOTH
711,2021-12-10,0.767,0.81,0.767,0.783,0.783,102800,HOTH
712,2021-12-13,0.784,0.8,0.74,0.75,0.75,199800,HOTH
713,2021-12-14,0.745,0.779,0.735,0.741,0.741,260700,HOTH
714,2021-12-15,0.74,0.741,0.671,0.718,0.718,301700,HOTH
715,2021-12-16,0.697,0.747,0.691,0.703,0.703,236300,HOTH
716,2021-12-17,0.703,0.74,0.683,0.74,0.74,198700,HOTH
717,2021-12-20,0.73,0.76,0.7,0.75,0.75,180000,HOTH
718,2021-12-21,0.76,0.76,0.73,0.74,0.74,207600,HOTH
719,2021-12-22,0.736,0.76,0.723,0.75,0.75,169500,HOTH
720,2021-12-23,0.72,0.75,0.711,0.738,0.738,223400,HOTH
721,2021-12-27,0.74,0.74,0.7,0.7,0.7,202900,HOTH
722,2021-12-28,0.7,0.71,0.671,0.671,0.671,220000,HOTH
723,2021-12-29,0.671,0.68,0.635,0.66,0.66,433700,HOTH
724,2021-12-30,0.66,0.75,0.651,0.691,0.691,338400,HOTH
725,2021-12-31,0.67,0.728,0.658,0.66,0.66,332200,HOTH
