,Date,Open,High,Low,Close,Adj Close,Volume,ticker
0,2018-01-02,2.9,2.91,2.74,2.8,2.8,97500,SMSI
1,2018-01-03,2.76,2.85,2.5,2.54,2.54,203100,SMSI
2,2018-01-04,2.46,2.84,2.38,2.65,2.65,146800,SMSI
3,2018-01-05,2.62,2.73,2.45,2.57,2.57,72100,SMSI
4,2018-01-08,2.57,2.58,2.5,2.5,2.5,26600,SMSI
5,2018-01-09,2.49,2.52,2.35,2.43,2.43,111900,SMSI
6,2018-01-10,2.42,2.5,2.37,2.41,2.41,20500,SMSI
7,2018-01-11,2.44,2.61,2.44,2.56,2.56,56000,SMSI
8,2018-01-12,2.59,2.76,2.54,2.74,2.74,97000,SMSI
9,2018-01-16,2.81,2.94,2.75,2.78,2.78,127800,SMSI
10,2018-01-17,2.85,2.9,2.78,2.85,2.85,57300,SMSI
11,2018-01-18,2.96,2.96,2.74,2.76,2.76,171300,SMSI
12,2018-01-19,2.82,2.86,2.69,2.79,2.79,149800,SMSI
13,2018-01-22,2.77,2.83,2.73,2.79,2.79,116700,SMSI
14,2018-01-23,2.84,2.84,2.71,2.76,2.76,84200,SMSI
15,2018-01-24,2.71,2.76,2.6,2.65,2.65,62000,SMSI
16,2018-01-25,2.6,2.75,2.6,2.68,2.68,35200,SMSI
17,2018-01-26,2.74,2.78,2.68,2.69,2.69,33900,SMSI
18,2018-01-29,2.71,2.82,2.58,2.67,2.67,66800,SMSI
19,2018-01-30,2.67,2.7,2.51,2.51,2.51,61700,SMSI
20,2018-01-31,2.5,2.57,2.5,2.56,2.56,18500,SMSI
21,2018-02-01,2.5,2.52,2.37,2.41,2.41,137100,SMSI
22,2018-02-02,2.4,2.47,2.33,2.38,2.38,42200,SMSI
23,2018-02-05,2.33,2.37,2.25,2.27,2.27,61300,SMSI
24,2018-02-06,2.25,2.4,2.17,2.26,2.26,71000,SMSI
25,2018-02-07,2.29,2.31,2.03,2.07,2.07,90900,SMSI
26,2018-02-08,2.07,2.3,2.01,2.19,2.19,121400,SMSI
27,2018-02-09,2.21,2.29,2.07,2.24,2.24,64900,SMSI
28,2018-02-12,2.2,2.43,2.2,2.35,2.35,87900,SMSI
29,2018-02-13,2.32,2.42,2.24,2.41,2.41,21100,SMSI
30,2018-02-14,2.45,2.66,2.35,2.4,2.4,54200,SMSI
31,2018-02-15,2.43,2.44,2.33,2.39,2.39,26000,SMSI
32,2018-02-16,2.42,2.49,2.27,2.39,2.39,20400,SMSI
33,2018-02-20,2.35,2.37,2.11,2.21,2.21,68600,SMSI
34,2018-02-21,2.25,2.4,2.16,2.28,2.28,40800,SMSI
35,2018-02-22,2.25,2.38,2.21,2.24,2.24,27200,SMSI
36,2018-02-23,2.36,2.36,2.16,2.22,2.22,48000,SMSI
37,2018-02-26,2.33,2.33,2.21,2.33,2.33,51000,SMSI
38,2018-02-27,2.33,2.49,2.07,2.25,2.25,79200,SMSI
39,2018-02-28,2.22,2.25,2.16,2.16,2.16,51800,SMSI
40,2018-03-01,2.2,2.4,2.13,2.16,2.16,67300,SMSI
41,2018-03-02,2.15,2.18,2.07,2.15,2.15,22100,SMSI
42,2018-03-05,1.75,1.76,1.55,1.69,1.69,1213000,SMSI
43,2018-03-06,1.75,1.75,1.46,1.5,1.5,1028400,SMSI
44,2018-03-07,1.51,1.65,1.46,1.5,1.5,710400,SMSI
45,2018-03-08,1.5,1.53,1.45,1.48,1.48,112900,SMSI
46,2018-03-09,1.5,1.53,1.46,1.52,1.52,210300,SMSI
47,2018-03-12,1.53,1.55,1.47,1.48,1.48,203900,SMSI
48,2018-03-13,1.53,1.55,1.47,1.49,1.49,105300,SMSI
49,2018-03-14,1.5,1.52,1.45,1.52,1.52,136900,SMSI
50,2018-03-15,1.55,1.55,1.45,1.49,1.49,232600,SMSI
51,2018-03-16,1.5,1.79,1.5,1.78,1.78,434000,SMSI
52,2018-03-19,1.75,1.93,1.6,1.87,1.87,472200,SMSI
53,2018-03-20,1.86,1.86,1.72,1.73,1.73,233900,SMSI
54,2018-03-21,1.72,1.89,1.72,1.8,1.8,115100,SMSI
55,2018-03-22,1.78,1.81,1.74,1.75,1.75,49600,SMSI
56,2018-03-23,1.78,1.81,1.62,1.68,1.68,111300,SMSI
57,2018-03-26,1.7,1.71,1.61,1.66,1.66,144300,SMSI
58,2018-03-27,1.65,1.74,1.65,1.68,1.68,30000,SMSI
59,2018-03-28,1.67,1.67,1.51,1.63,1.63,154500,SMSI
60,2018-03-29,1.68,1.81,1.57,1.75,1.75,88600,SMSI
61,2018-04-02,1.76,1.78,1.65,1.78,1.78,57000,SMSI
62,2018-04-03,1.78,1.87,1.78,1.8,1.8,101700,SMSI
63,2018-04-04,1.8,1.82,1.71,1.81,1.81,27600,SMSI
64,2018-04-05,1.8,1.8,1.72,1.72,1.72,51900,SMSI
65,2018-04-06,1.72,1.72,1.63,1.69,1.69,82400,SMSI
66,2018-04-09,1.69,1.7,1.56,1.61,1.61,120200,SMSI
67,2018-04-10,1.62,1.76,1.61,1.76,1.76,59200,SMSI
68,2018-04-11,1.75,1.82,1.69,1.75,1.75,38500,SMSI
69,2018-04-12,1.78,1.84,1.68,1.76,1.76,52700,SMSI
70,2018-04-13,1.66,1.81,1.64,1.79,1.79,59700,SMSI
71,2018-04-16,1.82,2.46,1.77,1.97,1.97,430300,SMSI
72,2018-04-17,1.99,2.29,1.97,2.05,2.05,385700,SMSI
73,2018-04-18,2.05,2.1,1.95,2.01,2.01,290800,SMSI
74,2018-04-19,2.05,2.05,1.88,1.96,1.96,182500,SMSI
75,2018-04-20,1.99,2.1,1.9,1.95,1.95,364300,SMSI
76,2018-04-23,1.97,1.98,1.85,1.89,1.89,149400,SMSI
77,2018-04-24,1.9,2.09,1.72,1.9,1.9,477400,SMSI
78,2018-04-25,1.9,1.95,1.8,1.9,1.9,227800,SMSI
79,2018-04-26,1.9,2.05,1.83,1.95,1.95,413600,SMSI
80,2018-04-27,1.95,2.01,1.84,1.97,1.97,336500,SMSI
81,2018-04-30,1.99,2.09,1.92,1.99,1.99,468800,SMSI
82,2018-05-01,2.0,2.19,1.93,2.17,2.17,445200,SMSI
83,2018-05-02,2.19,2.21,2.07,2.1,2.1,423100,SMSI
84,2018-05-03,1.95,2.08,1.9,1.97,1.97,616400,SMSI
85,2018-05-04,1.98,2.09,1.92,2.03,2.03,331700,SMSI
86,2018-05-07,2.03,2.07,1.9,1.97,1.97,464100,SMSI
87,2018-05-08,1.97,2.04,1.92,1.96,1.96,241100,SMSI
88,2018-05-09,2.01,2.01,1.92,1.95,1.95,207600,SMSI
89,2018-05-10,1.95,2.09,1.93,1.95,1.95,346200,SMSI
90,2018-05-11,1.96,1.96,1.75,1.83,1.83,420600,SMSI
91,2018-05-14,1.86,1.86,1.75,1.77,1.77,352900,SMSI
92,2018-05-15,1.78,2.0,1.76,1.9,1.9,286800,SMSI
93,2018-05-16,1.9,2.08,1.85,1.98,1.98,603200,SMSI
94,2018-05-17,1.96,2.1,1.95,2.03,2.03,197400,SMSI
95,2018-05-18,2.03,2.07,1.98,2.04,2.04,93100,SMSI
96,2018-05-21,2.07,2.09,2.0,2.06,2.06,74700,SMSI
97,2018-05-22,2.11,2.29,1.99,2.01,2.01,247000,SMSI
98,2018-05-23,2.0,2.15,2.0,2.07,2.07,123000,SMSI
99,2018-05-24,2.06,2.06,1.98,2.01,2.01,126400,SMSI
100,2018-05-25,2.0,2.0,1.95,2.0,2.0,72600,SMSI
101,2018-05-29,1.98,2.01,1.96,1.98,1.98,114000,SMSI
102,2018-05-30,2.01,2.14,1.96,2.05,2.05,383000,SMSI
103,2018-05-31,2.04,2.15,2.04,2.06,2.06,172700,SMSI
104,2018-06-01,2.06,2.18,2.04,2.12,2.12,138600,SMSI
105,2018-06-04,2.22,2.32,2.06,2.28,2.28,848600,SMSI
106,2018-06-05,2.35,2.53,2.2,2.51,2.51,734000,SMSI
107,2018-06-06,2.49,2.73,2.38,2.6,2.6,806700,SMSI
108,2018-06-07,2.73,2.73,2.33,2.45,2.45,644800,SMSI
109,2018-06-08,2.54,2.58,2.46,2.58,2.58,379700,SMSI
110,2018-06-11,2.6,2.63,2.51,2.58,2.58,147000,SMSI
111,2018-06-12,2.57,2.59,2.42,2.46,2.46,172800,SMSI
112,2018-06-13,2.48,2.48,2.35,2.37,2.37,137600,SMSI
113,2018-06-14,2.36,2.39,2.29,2.31,2.31,181900,SMSI
114,2018-06-15,2.28,2.41,2.25,2.37,2.37,170400,SMSI
115,2018-06-18,2.35,2.49,2.35,2.43,2.43,152100,SMSI
116,2018-06-19,2.43,2.48,2.34,2.37,2.37,182600,SMSI
117,2018-06-20,2.4,2.47,2.2,2.28,2.28,465200,SMSI
118,2018-06-21,2.28,2.32,2.24,2.28,2.28,176100,SMSI
119,2018-06-22,2.28,2.42,2.26,2.41,2.41,177400,SMSI
120,2018-06-25,2.39,2.4,2.26,2.35,2.35,163800,SMSI
121,2018-06-26,2.36,2.39,2.31,2.34,2.34,96600,SMSI
122,2018-06-27,2.33,2.37,2.22,2.26,2.26,359200,SMSI
123,2018-06-28,2.26,2.35,2.24,2.29,2.29,122800,SMSI
124,2018-06-29,2.32,2.33,2.25,2.29,2.29,117300,SMSI
125,2018-07-02,2.3,2.34,2.2,2.28,2.28,176900,SMSI
126,2018-07-03,2.29,2.47,2.23,2.4,2.4,200400,SMSI
127,2018-07-05,2.43,2.7,2.42,2.69,2.69,369500,SMSI
128,2018-07-06,2.72,2.73,2.45,2.5,2.5,330900,SMSI
129,2018-07-09,2.54,2.55,2.43,2.49,2.49,174000,SMSI
130,2018-07-10,2.48,2.52,2.41,2.43,2.43,130600,SMSI
131,2018-07-11,2.49,2.5,2.36,2.47,2.47,133600,SMSI
132,2018-07-12,2.51,2.55,2.43,2.49,2.49,140300,SMSI
133,2018-07-13,2.49,2.54,2.44,2.46,2.46,175900,SMSI
134,2018-07-16,2.45,2.5,2.39,2.41,2.41,200600,SMSI
135,2018-07-17,2.49,2.52,2.39,2.46,2.46,117300,SMSI
136,2018-07-18,2.49,2.5,2.42,2.45,2.45,134700,SMSI
137,2018-07-19,2.45,2.48,2.41,2.43,2.43,68500,SMSI
138,2018-07-20,2.37,2.49,2.35,2.49,2.49,556900,SMSI
139,2018-07-23,2.51,2.55,2.36,2.42,2.42,322800,SMSI
140,2018-07-24,2.44,2.49,2.23,2.27,2.27,802900,SMSI
141,2018-07-25,2.42,2.71,2.4,2.61,2.61,683400,SMSI
142,2018-07-26,2.61,2.67,2.54,2.64,2.64,425400,SMSI
143,2018-07-27,2.64,2.68,2.47,2.52,2.52,254000,SMSI
144,2018-07-30,2.5,2.57,2.43,2.48,2.48,204300,SMSI
145,2018-07-31,2.53,2.65,2.48,2.57,2.57,246400,SMSI
146,2018-08-01,2.59,2.64,2.49,2.52,2.52,232800,SMSI
147,2018-08-02,2.54,2.64,2.49,2.57,2.57,233400,SMSI
148,2018-08-03,2.57,2.63,2.51,2.55,2.55,167300,SMSI
149,2018-08-06,2.55,2.59,2.41,2.51,2.51,137300,SMSI
150,2018-08-07,2.5,2.58,2.44,2.55,2.55,187900,SMSI
151,2018-08-08,2.51,2.55,2.46,2.49,2.49,149300,SMSI
152,2018-08-09,2.5,2.56,2.48,2.55,2.55,193700,SMSI
153,2018-08-10,2.53,2.59,2.46,2.55,2.55,245600,SMSI
154,2018-08-13,2.57,2.64,2.49,2.56,2.56,230900,SMSI
155,2018-08-14,2.59,2.6,2.51,2.55,2.55,95200,SMSI
156,2018-08-15,2.52,2.55,2.46,2.5,2.5,180000,SMSI
157,2018-08-16,2.53,2.53,2.49,2.51,2.51,61600,SMSI
158,2018-08-17,2.52,2.52,2.47,2.5,2.5,55800,SMSI
159,2018-08-20,2.49,2.49,2.45,2.48,2.48,73500,SMSI
160,2018-08-21,2.48,2.48,2.43,2.43,2.43,76600,SMSI
161,2018-08-22,2.45,2.47,2.38,2.4,2.4,137700,SMSI
162,2018-08-23,2.4,2.4,2.35,2.4,2.4,95800,SMSI
163,2018-08-24,2.4,2.42,2.37,2.41,2.41,32400,SMSI
164,2018-08-27,2.4,2.4,2.32,2.33,2.33,246200,SMSI
165,2018-08-28,2.33,2.38,2.33,2.35,2.35,108600,SMSI
166,2018-08-29,2.35,2.44,2.35,2.42,2.42,92200,SMSI
167,2018-08-30,2.44,2.5,2.41,2.47,2.47,117800,SMSI
168,2018-08-31,2.48,2.53,2.43,2.48,2.48,70100,SMSI
169,2018-09-04,2.45,2.48,2.41,2.46,2.46,40400,SMSI
170,2018-09-05,2.44,2.49,2.35,2.38,2.38,110800,SMSI
171,2018-09-06,2.42,2.42,2.33,2.35,2.35,44500,SMSI
172,2018-09-07,2.35,2.44,2.35,2.35,2.35,95800,SMSI
173,2018-09-10,2.37,2.41,2.33,2.4,2.4,30200,SMSI
174,2018-09-11,2.37,2.4,2.33,2.33,2.33,70200,SMSI
175,2018-09-12,2.33,2.38,2.28,2.33,2.33,143800,SMSI
176,2018-09-13,2.33,2.35,2.28,2.3,2.3,70200,SMSI
177,2018-09-14,2.3,2.38,2.3,2.35,2.35,112500,SMSI
178,2018-09-17,2.35,2.5,2.27,2.49,2.49,303000,SMSI
179,2018-09-18,2.49,2.81,2.39,2.74,2.74,543800,SMSI
180,2018-09-19,2.66,2.85,2.59,2.64,2.64,350400,SMSI
181,2018-09-20,2.6,2.7,2.55,2.67,2.67,229200,SMSI
182,2018-09-21,2.67,2.81,2.64,2.81,2.81,282300,SMSI
183,2018-09-24,2.84,2.85,2.69,2.84,2.84,138800,SMSI
184,2018-09-25,2.82,2.84,2.68,2.7,2.7,163600,SMSI
185,2018-09-26,2.69,2.73,2.59,2.67,2.67,85600,SMSI
186,2018-09-27,2.67,2.7,2.5,2.51,2.51,257700,SMSI
187,2018-09-28,2.5,2.56,2.47,2.52,2.52,36200,SMSI
188,2018-10-01,2.6,2.73,2.55,2.68,2.68,122500,SMSI
189,2018-10-02,2.68,2.78,2.6,2.64,2.64,81700,SMSI
190,2018-10-03,2.64,2.67,2.56,2.6,2.6,58500,SMSI
191,2018-10-04,2.58,2.58,2.49,2.57,2.57,75100,SMSI
192,2018-10-05,2.55,2.65,2.51,2.56,2.56,42700,SMSI
193,2018-10-08,2.57,2.59,2.42,2.47,2.47,86400,SMSI
194,2018-10-09,2.45,2.59,2.41,2.45,2.45,82100,SMSI
195,2018-10-10,2.44,2.48,2.4,2.45,2.45,56400,SMSI
196,2018-10-11,2.45,2.63,2.45,2.47,2.47,63800,SMSI
197,2018-10-12,2.49,2.6,2.47,2.51,2.51,41600,SMSI
198,2018-10-15,2.5,2.5,2.43,2.45,2.45,40400,SMSI
199,2018-10-16,2.47,2.62,2.46,2.58,2.58,50000,SMSI
200,2018-10-17,2.55,2.79,2.55,2.72,2.72,252700,SMSI
201,2018-10-18,2.7,2.7,2.6,2.68,2.68,41400,SMSI
202,2018-10-19,2.71,2.82,2.63,2.72,2.72,317000,SMSI
203,2018-10-22,2.75,2.84,2.66,2.82,2.82,201600,SMSI
204,2018-10-23,2.76,2.82,2.73,2.81,2.81,144000,SMSI
205,2018-10-24,2.81,2.85,2.7,2.76,2.76,233200,SMSI
206,2018-10-25,2.6,2.6,2.47,2.5,2.5,454500,SMSI
207,2018-10-26,2.5,2.5,2.4,2.44,2.44,130500,SMSI
208,2018-10-29,2.42,2.48,2.38,2.4,2.4,136400,SMSI
209,2018-10-30,2.4,2.44,2.35,2.41,2.41,203400,SMSI
210,2018-10-31,2.41,2.42,2.37,2.39,2.39,61800,SMSI
211,2018-11-01,2.38,2.42,2.38,2.39,2.39,76800,SMSI
212,2018-11-02,2.39,2.42,2.34,2.34,2.34,78000,SMSI
213,2018-11-05,2.34,2.38,2.16,2.17,2.17,380300,SMSI
214,2018-11-06,2.2,2.24,2.16,2.19,2.19,49500,SMSI
215,2018-11-07,2.18,2.18,1.83,2.1,2.1,519500,SMSI
216,2018-11-08,2.1,2.2,2.05,2.2,2.2,115400,SMSI
217,2018-11-09,2.19,2.25,2.12,2.13,2.13,85300,SMSI
218,2018-11-12,2.15,2.15,2.04,2.06,2.06,197300,SMSI
219,2018-11-13,2.05,2.15,2.04,2.13,2.13,79400,SMSI
220,2018-11-14,2.14,2.14,2.01,2.02,2.02,112400,SMSI
221,2018-11-15,2.02,2.1,1.92,2.09,2.09,197400,SMSI
222,2018-11-16,2.09,2.1,2.02,2.03,2.03,78900,SMSI
223,2018-11-19,2.03,2.08,2.0,2.03,2.03,47500,SMSI
224,2018-11-20,2.0,2.1,1.99,2.04,2.04,185800,SMSI
225,2018-11-21,2.07,2.24,2.04,2.2,2.2,246000,SMSI
226,2018-11-23,2.2,2.36,2.14,2.36,2.36,180400,SMSI
227,2018-11-26,2.27,2.44,2.25,2.29,2.29,259400,SMSI
228,2018-11-27,2.28,2.28,2.14,2.2,2.2,192100,SMSI
229,2018-11-28,2.2,2.2,2.1,2.17,2.17,23600,SMSI
230,2018-11-29,2.17,2.18,2.13,2.15,2.15,85300,SMSI
231,2018-11-30,2.18,2.28,2.14,2.17,2.17,215400,SMSI
232,2018-12-03,2.21,2.25,2.17,2.25,2.25,114500,SMSI
233,2018-12-04,2.25,2.27,2.07,2.09,2.09,211400,SMSI
234,2018-12-06,2.1,2.11,2.0,2.04,2.04,155500,SMSI
235,2018-12-07,2.12,2.19,2.01,2.02,2.02,202600,SMSI
236,2018-12-10,2.09,2.28,1.99,2.13,2.13,1148200,SMSI
237,2018-12-11,2.12,2.29,1.97,2.13,2.13,1782200,SMSI
238,2018-12-12,2.13,2.16,2.07,2.1,2.1,92900,SMSI
239,2018-12-13,2.08,2.14,2.05,2.09,2.09,84500,SMSI
240,2018-12-14,2.07,2.11,2.03,2.09,2.09,127200,SMSI
241,2018-12-17,2.05,2.08,1.93,1.96,1.96,172000,SMSI
242,2018-12-18,2.06,2.06,1.94,1.95,1.95,127200,SMSI
243,2018-12-19,1.95,2.04,1.94,1.96,1.96,95500,SMSI
244,2018-12-20,1.96,2.02,1.78,1.87,1.87,296900,SMSI
245,2018-12-21,1.85,1.93,1.71,1.76,1.76,347500,SMSI
246,2018-12-24,1.73,1.85,1.62,1.7,1.7,190700,SMSI
247,2018-12-26,1.73,1.91,1.72,1.83,1.83,185800,SMSI
248,2018-12-27,1.8,1.9,1.68,1.77,1.77,130200,SMSI
249,2018-12-28,1.73,1.91,1.73,1.86,1.86,128200,SMSI
250,2018-12-31,1.85,1.85,1.76,1.8,1.8,115000,SMSI
251,2019-01-02,1.79,1.95,1.69,1.95,1.95,89200,SMSI
252,2019-01-03,1.92,1.97,1.85,1.87,1.87,110900,SMSI
253,2019-01-04,1.96,1.96,1.82,1.88,1.88,160100,SMSI
254,2019-01-07,1.91,1.99,1.86,1.94,1.94,112200,SMSI
255,2019-01-08,1.94,1.98,1.81,1.89,1.89,150500,SMSI
256,2019-01-09,1.91,1.94,1.81,1.9,1.9,84300,SMSI
257,2019-01-10,1.87,1.95,1.81,1.88,1.88,242000,SMSI
258,2019-01-11,1.85,1.94,1.83,1.91,1.91,194500,SMSI
259,2019-01-14,1.88,1.95,1.87,1.89,1.89,83300,SMSI
260,2019-01-15,1.9,1.92,1.82,1.85,1.85,107000,SMSI
261,2019-01-16,1.82,1.89,1.73,1.83,1.83,135500,SMSI
262,2019-01-17,1.81,1.9,1.81,1.82,1.82,106400,SMSI
263,2019-01-18,1.85,1.86,1.8,1.85,1.85,81600,SMSI
264,2019-01-22,1.8,1.87,1.75,1.77,1.77,70400,SMSI
265,2019-01-23,1.77,1.82,1.7,1.75,1.75,97200,SMSI
266,2019-01-24,1.81,1.82,1.71,1.8,1.8,26600,SMSI
267,2019-01-25,1.8,1.83,1.74,1.79,1.79,56300,SMSI
268,2019-01-28,1.79,1.84,1.76,1.83,1.83,32500,SMSI
269,2019-01-29,1.81,1.81,1.75,1.79,1.79,27100,SMSI
270,2019-01-30,1.78,1.82,1.78,1.82,1.82,21600,SMSI
271,2019-01-31,1.78,1.82,1.75,1.75,1.75,62200,SMSI
272,2019-02-01,1.78,1.82,1.75,1.77,1.77,25300,SMSI
273,2019-02-04,1.76,1.82,1.76,1.81,1.81,50000,SMSI
274,2019-02-05,1.79,1.88,1.79,1.81,1.81,103300,SMSI
275,2019-02-06,1.82,1.86,1.78,1.84,1.84,51400,SMSI
276,2019-02-07,1.83,1.9,1.82,1.85,1.85,21200,SMSI
277,2019-02-08,1.84,1.91,1.82,1.87,1.87,120100,SMSI
278,2019-02-11,1.86,1.97,1.84,1.95,1.95,63600,SMSI
279,2019-02-12,1.99,1.99,1.93,1.98,1.98,20200,SMSI
280,2019-02-13,1.97,1.99,1.95,1.98,1.98,56900,SMSI
281,2019-02-14,1.94,1.95,1.85,1.92,1.92,182700,SMSI
282,2019-02-15,1.96,2.02,1.94,1.97,1.97,153400,SMSI
283,2019-02-19,1.98,2.04,1.9,2.0,2.0,123700,SMSI
284,2019-02-20,1.97,1.98,1.91,1.92,1.92,32500,SMSI
285,2019-02-21,1.92,1.94,1.84,1.9,1.9,45300,SMSI
286,2019-02-22,1.88,1.95,1.86,1.92,1.92,29000,SMSI
287,2019-02-25,1.92,1.96,1.92,1.92,1.92,23500,SMSI
288,2019-02-26,1.92,1.92,1.87,1.88,1.88,24700,SMSI
289,2019-02-27,1.85,1.97,1.8,1.88,1.88,66800,SMSI
290,2019-02-28,1.88,1.93,1.8,1.9,1.9,43800,SMSI
291,2019-03-01,1.84,1.92,1.83,1.86,1.86,39600,SMSI
292,2019-03-04,1.9,1.94,1.8,1.85,1.85,41200,SMSI
293,2019-03-05,1.84,1.89,1.8,1.89,1.89,65900,SMSI
294,2019-03-06,1.85,1.89,1.82,1.85,1.85,33700,SMSI
295,2019-03-07,1.83,1.9,1.81,1.88,1.88,78800,SMSI
296,2019-03-08,1.88,1.95,1.83,1.92,1.92,76600,SMSI
297,2019-03-11,1.94,2.34,1.84,2.03,2.03,1189400,SMSI
298,2019-03-12,2.02,2.12,1.9,1.93,1.93,227000,SMSI
299,2019-03-13,1.95,2.02,1.84,1.86,1.86,433900,SMSI
300,2019-03-14,2.4,2.55,2.16,2.4,2.4,2219800,SMSI
301,2019-03-15,2.33,2.49,2.22,2.38,2.38,531700,SMSI
302,2019-03-18,2.41,2.58,2.4,2.49,2.49,397500,SMSI
303,2019-03-19,2.54,2.64,2.41,2.6,2.6,386800,SMSI
304,2019-03-20,2.62,2.83,2.52,2.75,2.75,507400,SMSI
305,2019-03-21,2.76,2.9,2.64,2.86,2.86,370400,SMSI
306,2019-03-22,2.86,2.93,2.75,2.81,2.81,361600,SMSI
307,2019-03-25,2.85,2.89,2.64,2.81,2.81,465400,SMSI
308,2019-03-26,2.81,2.85,2.66,2.75,2.75,144400,SMSI
309,2019-03-27,2.73,2.82,2.65,2.77,2.77,111200,SMSI
310,2019-03-28,2.72,2.84,2.72,2.8,2.8,106600,SMSI
311,2019-03-29,2.84,2.88,2.76,2.8,2.8,98500,SMSI
312,2019-04-01,2.89,3.14,2.85,3.02,3.02,643100,SMSI
313,2019-04-02,3.05,3.09,2.88,2.9,2.9,243900,SMSI
314,2019-04-03,2.9,2.96,2.8,2.88,2.88,143100,SMSI
315,2019-04-04,2.92,2.96,2.76,2.8,2.8,158400,SMSI
316,2019-04-05,2.79,2.97,2.79,2.91,2.91,194400,SMSI
317,2019-04-08,3.08,3.3,3.05,3.23,3.23,934200,SMSI
318,2019-04-09,3.23,3.35,3.16,3.32,3.32,445200,SMSI
319,2019-04-10,3.3,3.33,3.08,3.23,3.23,279900,SMSI
320,2019-04-11,3.26,3.33,3.21,3.31,3.31,253200,SMSI
321,2019-04-12,3.3,3.3,3.18,3.23,3.23,167400,SMSI
322,2019-04-15,3.19,3.23,3.05,3.08,3.08,207800,SMSI
323,2019-04-16,2.94,3.11,2.93,3.01,3.01,284900,SMSI
324,2019-04-17,3.05,3.05,2.8,2.88,2.88,403700,SMSI
325,2019-04-18,2.9,2.92,2.82,2.87,2.87,140900,SMSI
326,2019-04-22,2.83,2.88,2.75,2.78,2.78,193200,SMSI
327,2019-04-23,2.8,2.93,2.8,2.89,2.89,91100,SMSI
328,2019-04-24,2.87,2.99,2.85,2.86,2.86,63200,SMSI
329,2019-04-25,2.83,2.91,2.8,2.89,2.89,50600,SMSI
330,2019-04-26,2.87,2.97,2.82,2.9,2.9,62900,SMSI
331,2019-04-29,2.9,2.9,2.78,2.85,2.85,97800,SMSI
332,2019-04-30,2.84,2.85,2.75,2.84,2.84,110900,SMSI
333,2019-05-01,2.83,2.97,2.8,2.9,2.9,66600,SMSI
334,2019-05-02,2.92,3.08,2.92,3.04,3.04,109700,SMSI
335,2019-05-03,3.1,3.25,3.1,3.25,3.25,209700,SMSI
336,2019-05-06,3.17,3.3,3.13,3.16,3.16,131600,SMSI
337,2019-05-07,3.18,3.28,3.14,3.28,3.28,103900,SMSI
338,2019-05-08,3.29,3.48,3.2,3.32,3.32,355500,SMSI
339,2019-05-09,3.06,3.28,2.81,3.24,3.24,420800,SMSI
340,2019-05-10,3.25,3.27,3.13,3.19,3.19,152200,SMSI
341,2019-05-13,3.21,3.29,3.11,3.26,3.26,210400,SMSI
342,2019-05-14,3.28,3.38,3.23,3.25,3.25,119400,SMSI
343,2019-05-15,3.24,3.3,3.24,3.24,3.24,50700,SMSI
344,2019-05-16,3.3,3.35,3.22,3.34,3.34,204400,SMSI
345,2019-05-17,3.34,3.44,3.31,3.36,3.36,114500,SMSI
346,2019-05-20,3.3,3.35,3.21,3.23,3.23,57300,SMSI
347,2019-05-21,3.21,3.3,3.2,3.2,3.2,45900,SMSI
348,2019-05-22,3.22,3.3,3.2,3.2,3.2,42700,SMSI
349,2019-05-23,3.2,3.28,3.11,3.12,3.12,58300,SMSI
350,2019-05-24,3.15,3.26,2.96,3.04,3.04,352300,SMSI
351,2019-05-28,3.0,3.07,2.95,3.0,3.0,56900,SMSI
352,2019-05-29,2.97,2.99,2.95,2.96,2.96,34100,SMSI
353,2019-05-30,2.96,2.99,2.96,2.96,2.96,65600,SMSI
354,2019-05-31,2.95,3.04,2.94,2.94,2.94,79400,SMSI
355,2019-06-03,2.94,3.0,2.81,2.89,2.89,149300,SMSI
356,2019-06-04,2.91,2.99,2.83,2.93,2.93,36600,SMSI
357,2019-06-05,2.95,3.05,2.83,2.86,2.86,144400,SMSI
358,2019-06-06,2.84,2.98,2.84,2.9,2.9,35300,SMSI
359,2019-06-07,2.92,2.99,2.86,2.95,2.95,43400,SMSI
360,2019-06-10,2.94,2.94,2.86,2.89,2.89,24800,SMSI
361,2019-06-11,2.9,2.9,2.84,2.9,2.9,29400,SMSI
362,2019-06-12,2.86,2.87,2.84,2.85,2.85,12400,SMSI
363,2019-06-13,2.85,2.9,2.82,2.84,2.84,105500,SMSI
364,2019-06-14,2.93,2.94,2.85,2.9,2.9,97100,SMSI
365,2019-06-17,2.92,3.07,2.89,2.9,2.9,172100,SMSI
366,2019-06-18,2.91,3.04,2.89,3.04,3.04,103300,SMSI
367,2019-06-19,3.03,3.17,2.99,3.11,3.11,65800,SMSI
368,2019-06-20,3.14,3.17,3.01,3.09,3.09,53100,SMSI
369,2019-06-21,3.04,3.3,3.01,3.3,3.3,95900,SMSI
370,2019-06-24,3.27,3.27,3.1,3.19,3.19,50800,SMSI
371,2019-06-25,3.16,3.16,3.05,3.15,3.15,24900,SMSI
372,2019-06-26,3.15,3.19,3.04,3.06,3.06,113700,SMSI
373,2019-06-27,3.04,3.05,2.82,2.99,2.99,141300,SMSI
374,2019-06-28,3.01,3.09,2.96,3.04,3.04,95400,SMSI
375,2019-07-01,3.11,3.17,3.11,3.11,3.11,115000,SMSI
376,2019-07-02,3.17,3.19,3.05,3.12,3.12,139700,SMSI
377,2019-07-03,3.12,3.15,3.06,3.06,3.06,49000,SMSI
378,2019-07-05,3.15,3.17,3.1,3.17,3.17,39200,SMSI
379,2019-07-08,3.17,3.19,3.11,3.11,3.11,25700,SMSI
380,2019-07-09,3.11,3.14,3.03,3.06,3.06,145200,SMSI
381,2019-07-10,3.06,3.11,3.03,3.07,3.07,58800,SMSI
382,2019-07-11,3.08,3.09,3.01,3.06,3.06,37800,SMSI
383,2019-07-12,3.09,3.1,2.95,2.99,2.99,108300,SMSI
384,2019-07-15,2.95,3.08,2.95,3.04,3.04,52500,SMSI
385,2019-07-16,3.07,3.09,2.99,3.07,3.07,29900,SMSI
386,2019-07-17,3.07,3.17,3.05,3.1,3.1,37700,SMSI
387,2019-07-18,3.12,3.17,3.06,3.1,3.1,63200,SMSI
388,2019-07-19,3.2,3.36,3.16,3.23,3.23,359300,SMSI
389,2019-07-22,3.3,3.4,3.15,3.19,3.19,718100,SMSI
390,2019-07-23,3.2,3.35,3.2,3.28,3.28,172100,SMSI
391,2019-07-24,3.28,3.5,3.27,3.36,3.36,291900,SMSI
392,2019-07-25,3.5,3.5,3.35,3.45,3.45,903400,SMSI
393,2019-07-26,4.75,5.77,4.31,5.75,5.75,21611700,SMSI
394,2019-07-29,5.55,6.2,5.33,5.54,5.54,7391500,SMSI
395,2019-07-30,5.4,6.43,5.23,6.31,6.31,2842300,SMSI
396,2019-07-31,6.25,6.6,5.75,5.99,5.99,2006000,SMSI
397,2019-08-01,5.98,6.35,5.61,5.76,5.76,1474700,SMSI
398,2019-08-02,5.76,6.05,5.51,5.82,5.82,831800,SMSI
399,2019-08-05,5.75,5.79,5.35,5.61,5.61,1151400,SMSI
400,2019-08-06,5.6,5.84,5.25,5.45,5.45,883700,SMSI
401,2019-08-07,5.36,6.08,5.26,6.02,6.02,1601200,SMSI
402,2019-08-08,6.13,6.65,6.03,6.37,6.37,1593000,SMSI
403,2019-08-09,6.33,6.49,6.07,6.25,6.25,765700,SMSI
404,2019-08-12,6.25,6.39,6.05,6.27,6.27,570700,SMSI
405,2019-08-13,6.25,6.35,5.95,6.01,6.01,568800,SMSI
406,2019-08-14,5.86,6.09,5.78,6.0,6.0,564200,SMSI
407,2019-08-15,5.98,6.18,5.79,5.98,5.98,430500,SMSI
408,2019-08-16,5.99,6.65,5.99,6.37,6.37,1237200,SMSI
409,2019-08-19,6.56,6.84,6.15,6.23,6.23,1418200,SMSI
410,2019-08-20,6.24,6.57,6.14,6.41,6.41,613900,SMSI
411,2019-08-21,6.45,6.71,6.28,6.62,6.62,637000,SMSI
412,2019-08-22,6.66,6.81,6.4,6.59,6.59,863500,SMSI
413,2019-08-23,6.58,6.7,6.26,6.36,6.36,609900,SMSI
414,2019-08-26,6.4,6.53,6.16,6.32,6.32,941900,SMSI
415,2019-08-27,6.32,6.38,6.04,6.05,6.05,677500,SMSI
416,2019-08-28,6.09,6.22,5.72,6.12,6.12,700200,SMSI
417,2019-08-29,6.23,6.36,6.16,6.3,6.3,411900,SMSI
418,2019-08-30,6.36,6.51,6.08,6.18,6.18,656000,SMSI
419,2019-09-03,6.18,6.33,5.97,5.97,5.97,395500,SMSI
420,2019-09-04,5.98,6.35,5.94,6.32,6.32,643300,SMSI
421,2019-09-05,6.35,6.59,6.15,6.44,6.44,747300,SMSI
422,2019-09-06,6.46,6.9,6.36,6.62,6.62,1417000,SMSI
423,2019-09-09,6.65,6.65,5.92,6.23,6.23,1395100,SMSI
424,2019-09-10,6.15,6.21,5.92,5.98,5.98,790200,SMSI
425,2019-09-11,5.97,5.98,5.34,5.8,5.8,1440000,SMSI
426,2019-09-12,5.8,5.86,5.58,5.65,5.65,487700,SMSI
427,2019-09-13,5.65,5.67,5.39,5.4,5.4,1130900,SMSI
428,2019-09-16,5.35,5.54,5.02,5.5,5.5,754300,SMSI
429,2019-09-17,5.5,5.57,5.39,5.52,5.52,639300,SMSI
430,2019-09-18,5.57,5.65,5.38,5.55,5.55,489000,SMSI
431,2019-09-19,5.6,5.71,5.52,5.54,5.54,433500,SMSI
432,2019-09-20,5.53,5.58,5.17,5.2,5.2,935400,SMSI
433,2019-09-23,5.21,5.47,5.16,5.4,5.4,309100,SMSI
434,2019-09-24,5.43,5.5,5.2,5.24,5.24,313700,SMSI
435,2019-09-25,5.23,5.28,5.06,5.21,5.21,421900,SMSI
436,2019-09-26,5.19,5.29,5.08,5.24,5.24,274800,SMSI
437,2019-09-27,5.26,5.35,5.02,5.15,5.15,420900,SMSI
438,2019-09-30,5.19,5.47,5.1,5.44,5.44,638700,SMSI
439,2019-10-01,5.5,5.5,5.23,5.25,5.25,334100,SMSI
440,2019-10-02,5.2,5.26,5.07,5.21,5.21,524700,SMSI
441,2019-10-03,5.2,5.44,5.17,5.42,5.42,356600,SMSI
442,2019-10-04,5.45,5.65,5.35,5.64,5.64,537100,SMSI
443,2019-10-07,5.64,5.73,5.48,5.51,5.51,390000,SMSI
444,2019-10-08,5.48,5.63,5.4,5.57,5.57,455600,SMSI
445,2019-10-09,5.6,5.64,5.45,5.52,5.52,305700,SMSI
446,2019-10-10,5.51,5.57,5.45,5.55,5.55,178000,SMSI
447,2019-10-11,5.6,5.79,5.54,5.7,5.7,396100,SMSI
448,2019-10-14,5.7,5.89,5.6,5.83,5.83,348800,SMSI
449,2019-10-15,5.87,6.1,5.84,6.02,6.02,476900,SMSI
450,2019-10-16,6.03,6.17,5.95,6.09,6.09,347400,SMSI
451,2019-10-17,6.12,6.34,6.09,6.29,6.29,541800,SMSI
452,2019-10-18,6.31,6.32,6.03,6.3,6.3,496500,SMSI
453,2019-10-21,6.39,6.53,6.31,6.37,6.37,438100,SMSI
454,2019-10-22,6.36,6.47,6.08,6.11,6.11,503000,SMSI
455,2019-10-23,6.1,6.14,5.81,5.95,5.95,847100,SMSI
456,2019-10-24,6.04,6.37,5.94,6.23,6.23,1003600,SMSI
457,2019-10-25,5.85,5.99,5.21,5.7,5.7,2010000,SMSI
458,2019-10-28,5.73,5.87,5.25,5.3,5.3,698000,SMSI
459,2019-10-29,5.31,5.31,4.97,5.07,5.07,922300,SMSI
460,2019-10-30,5.09,5.3,5.0,5.2,5.2,388800,SMSI
461,2019-10-31,5.21,5.25,4.81,4.89,4.89,644800,SMSI
462,2019-11-01,4.91,4.97,4.71,4.74,4.74,637900,SMSI
463,2019-11-04,4.8,4.85,4.56,4.69,4.69,695700,SMSI
464,2019-11-05,4.69,5.01,4.61,4.87,4.87,533800,SMSI
465,2019-11-06,4.87,4.87,4.66,4.71,4.71,336400,SMSI
466,2019-11-07,4.74,4.76,4.6,4.66,4.66,298800,SMSI
467,2019-11-08,4.62,4.76,4.62,4.68,4.68,288900,SMSI
468,2019-11-11,4.67,4.81,4.62,4.79,4.79,291300,SMSI
469,2019-11-12,4.79,4.94,4.75,4.88,4.88,446900,SMSI
470,2019-11-13,4.91,5.28,4.91,5.14,5.14,599100,SMSI
471,2019-11-14,5.19,5.25,4.98,5.03,5.03,451000,SMSI
472,2019-11-15,5.03,5.05,4.8,4.86,4.86,461500,SMSI
473,2019-11-18,4.87,4.87,4.46,4.51,4.51,552900,SMSI
474,2019-11-19,4.49,4.54,4.32,4.44,4.44,460900,SMSI
475,2019-11-20,4.4,4.5,4.35,4.4,4.4,371800,SMSI
476,2019-11-21,4.38,4.6,4.3,4.59,4.59,476800,SMSI
477,2019-11-22,4.51,4.73,4.5,4.64,4.64,250200,SMSI
478,2019-11-25,4.62,4.83,4.6,4.78,4.78,223300,SMSI
479,2019-11-26,4.77,4.88,4.65,4.67,4.67,260300,SMSI
480,2019-11-27,4.69,4.8,4.62,4.77,4.77,167800,SMSI
481,2019-11-29,4.75,4.84,4.7,4.72,4.72,95100,SMSI
482,2019-12-02,4.7,4.8,4.6,4.77,4.77,244700,SMSI
483,2019-12-03,4.74,4.87,4.55,4.63,4.63,286100,SMSI
484,2019-12-04,4.66,4.79,4.63,4.68,4.68,133200,SMSI
485,2019-12-05,4.68,4.75,4.52,4.56,4.56,175300,SMSI
486,2019-12-06,4.58,4.74,4.58,4.62,4.62,109700,SMSI
487,2019-12-09,4.6,4.66,4.49,4.53,4.53,193600,SMSI
488,2019-12-10,4.55,4.55,4.35,4.44,4.44,249000,SMSI
489,2019-12-11,4.4,4.53,4.32,4.42,4.42,431400,SMSI
490,2019-12-12,4.42,4.61,4.37,4.56,4.56,230500,SMSI
491,2019-12-13,4.58,4.78,4.58,4.65,4.65,216000,SMSI
492,2019-12-16,4.7,4.77,4.58,4.61,4.61,225800,SMSI
493,2019-12-17,4.65,4.67,4.55,4.62,4.62,179700,SMSI
494,2019-12-18,4.62,4.69,4.4,4.42,4.42,340400,SMSI
495,2019-12-19,4.43,4.5,4.33,4.34,4.34,182300,SMSI
496,2019-12-20,4.38,4.4,4.01,4.1,4.1,830400,SMSI
497,2019-12-23,4.12,4.25,3.9,3.94,3.94,601400,SMSI
498,2019-12-24,3.94,3.94,3.64,3.74,3.74,668900,SMSI
499,2019-12-26,3.72,3.88,3.64,3.8,3.8,644000,SMSI
500,2019-12-27,3.82,3.9,3.79,3.87,3.87,346900,SMSI
501,2019-12-30,3.85,3.87,3.72,3.74,3.74,346900,SMSI
502,2019-12-31,3.75,4.02,3.69,3.98,3.98,552700,SMSI
503,2020-01-02,4.03,4.5,4.03,4.48,4.48,603500,SMSI
504,2020-01-03,4.42,4.42,4.13,4.23,4.23,412700,SMSI
505,2020-01-06,4.19,4.22,4.06,4.15,4.15,192700,SMSI
506,2020-01-07,4.15,4.24,4.09,4.18,4.18,220800,SMSI
507,2020-01-08,4.15,4.5,4.12,4.39,4.39,509800,SMSI
508,2020-01-09,4.47,4.57,4.32,4.35,4.35,337500,SMSI
509,2020-01-10,4.39,4.39,4.18,4.31,4.31,353200,SMSI
510,2020-01-13,4.35,4.69,4.32,4.66,4.66,610800,SMSI
511,2020-01-14,4.65,4.74,4.57,4.7,4.7,325800,SMSI
512,2020-01-15,4.7,4.93,4.65,4.79,4.79,399000,SMSI
513,2020-01-16,4.85,5.25,4.85,5.01,5.01,563100,SMSI
514,2020-01-17,5.06,5.06,4.71,4.75,4.75,461700,SMSI
515,2020-01-21,4.77,4.95,4.71,4.82,4.82,375400,SMSI
516,2020-01-22,4.84,4.95,4.83,4.9,4.9,255300,SMSI
517,2020-01-23,5.04,5.5,4.96,5.17,5.17,1101800,SMSI
518,2020-01-24,5.21,5.24,4.85,5.01,5.01,474500,SMSI
519,2020-01-27,4.89,5.24,4.76,5.06,5.06,485500,SMSI
520,2020-01-28,5.12,5.17,4.96,5.02,5.02,279600,SMSI
521,2020-01-29,4.99,5.14,4.88,5.09,5.09,382000,SMSI
522,2020-01-30,5.03,5.1,4.81,5.05,5.05,397600,SMSI
523,2020-01-31,5.04,5.09,4.88,5.07,5.07,530400,SMSI
524,2020-02-03,5.11,5.29,5.07,5.08,5.08,348200,SMSI
525,2020-02-04,5.1,5.64,5.1,5.56,5.56,800600,SMSI
526,2020-02-05,5.73,6.07,5.56,5.87,5.87,1306300,SMSI
527,2020-02-06,5.98,6.53,5.87,6.17,6.17,1377900,SMSI
528,2020-02-07,6.2,6.38,6.12,6.18,6.18,664500,SMSI
529,2020-02-10,6.2,6.67,5.88,6.17,6.17,2576900,SMSI
530,2020-02-11,6.58,6.61,6.2,6.4,6.4,871900,SMSI
531,2020-02-12,6.5,7.0,6.46,6.87,6.87,1322100,SMSI
532,2020-02-13,7.05,7.15,6.68,6.73,6.73,1236800,SMSI
533,2020-02-14,6.76,6.88,6.06,6.2,6.2,1301600,SMSI
534,2020-02-18,6.33,6.33,5.43,5.55,5.55,2114400,SMSI
535,2020-02-19,5.56,5.85,5.55,5.8,5.8,1013600,SMSI
536,2020-02-20,5.85,6.09,5.65,5.95,5.95,964100,SMSI
537,2020-02-21,5.92,5.92,5.73,5.83,5.83,537000,SMSI
538,2020-02-24,5.51,5.65,5.27,5.51,5.51,756500,SMSI
539,2020-02-25,5.57,5.68,5.23,5.34,5.34,675400,SMSI
540,2020-02-26,5.39,5.53,5.05,5.1,5.1,570700,SMSI
541,2020-02-27,4.95,5.24,4.7,4.94,4.94,896900,SMSI
542,2020-02-28,4.77,5.38,4.72,5.36,5.36,740000,SMSI
543,2020-03-02,5.41,5.49,5.15,5.49,5.49,691000,SMSI
544,2020-03-03,5.54,5.63,5.36,5.48,5.48,623400,SMSI
545,2020-03-04,5.59,5.78,5.54,5.73,5.73,596500,SMSI
546,2020-03-05,5.67,5.75,5.47,5.54,5.54,1096900,SMSI
547,2020-03-06,5.8,5.9,5.26,5.86,5.86,1535700,SMSI
548,2020-03-09,5.43,5.85,5.22,5.23,5.23,1072900,SMSI
549,2020-03-10,5.45,5.72,5.21,5.58,5.58,1375200,SMSI
550,2020-03-11,5.4,5.55,4.83,4.89,4.89,1594200,SMSI
551,2020-03-12,4.23,4.67,4.05,4.09,4.09,1446900,SMSI
552,2020-03-13,4.3,4.4,3.8,3.98,3.98,1437300,SMSI
553,2020-03-16,3.5,3.69,3.28,3.42,3.42,1218400,SMSI
554,2020-03-17,3.53,3.93,3.43,3.86,3.86,633300,SMSI
555,2020-03-18,3.52,3.76,3.43,3.76,3.76,715600,SMSI
556,2020-03-19,3.75,3.95,3.55,3.88,3.88,442800,SMSI
557,2020-03-20,4.02,4.04,3.5,3.54,3.54,802900,SMSI
558,2020-03-23,3.51,3.57,3.32,3.49,3.49,591600,SMSI
559,2020-03-24,3.73,3.98,3.62,3.94,3.94,777500,SMSI
560,2020-03-25,4.01,4.47,4.0,4.11,4.11,825000,SMSI
561,2020-03-26,4.17,4.33,4.0,4.24,4.24,831000,SMSI
562,2020-03-27,4.11,4.25,4.02,4.22,4.22,402300,SMSI
563,2020-03-30,4.22,4.46,4.09,4.24,4.24,424800,SMSI
564,2020-03-31,4.21,4.33,4.08,4.21,4.21,327800,SMSI
565,2020-04-01,4.05,4.25,4.01,4.03,4.03,394200,SMSI
566,2020-04-02,4.05,4.18,3.85,3.98,3.98,473100,SMSI
567,2020-04-03,3.99,4.1,3.8,3.85,3.85,339000,SMSI
568,2020-04-06,4.07,4.2,3.98,4.01,4.01,449200,SMSI
569,2020-04-07,4.22,4.36,4.09,4.1,4.1,654900,SMSI
570,2020-04-08,4.15,4.25,3.94,3.98,3.98,738500,SMSI
571,2020-04-09,4.07,4.45,4.04,4.36,4.36,906500,SMSI
572,2020-04-13,4.4,4.51,4.34,4.38,4.38,728000,SMSI
573,2020-04-14,4.6,5.06,4.59,4.83,4.83,1037200,SMSI
574,2020-04-15,4.75,4.87,4.51,4.81,4.81,566600,SMSI
575,2020-04-16,4.9,5.11,4.69,5.0,5.0,913500,SMSI
576,2020-04-17,5.19,5.19,4.92,4.92,4.92,579400,SMSI
577,2020-04-20,4.84,5.1,4.8,5.05,5.05,714800,SMSI
578,2020-04-21,5.02,5.19,4.92,5.0,5.0,702500,SMSI
579,2020-04-22,5.01,5.25,5.01,5.22,5.22,420200,SMSI
580,2020-04-23,5.34,5.34,5.16,5.23,5.23,657200,SMSI
581,2020-04-24,5.26,5.29,5.15,5.21,5.21,375500,SMSI
582,2020-04-27,5.36,5.36,4.38,4.5,4.5,2139700,SMSI
583,2020-04-28,4.65,4.75,4.38,4.47,4.47,966000,SMSI
584,2020-04-29,4.58,4.98,4.45,4.87,4.87,1011800,SMSI
585,2020-04-30,4.82,4.83,4.51,4.75,4.75,812400,SMSI
586,2020-05-01,4.59,4.65,4.34,4.59,4.59,944100,SMSI
587,2020-05-04,4.53,4.73,4.5,4.62,4.62,550800,SMSI
588,2020-05-05,4.67,4.79,4.61,4.67,4.67,508300,SMSI
589,2020-05-06,4.71,4.85,4.55,4.55,4.55,921600,SMSI
590,2020-05-07,4.6,4.6,4.16,4.39,4.39,2127300,SMSI
591,2020-05-08,4.43,4.54,4.33,4.49,4.49,960500,SMSI
592,2020-05-11,4.46,4.66,4.45,4.57,4.57,752300,SMSI
593,2020-05-12,4.63,4.64,4.36,4.39,4.39,501900,SMSI
594,2020-05-13,4.45,4.49,4.05,4.13,4.13,940100,SMSI
595,2020-05-14,4.06,4.22,3.96,4.18,4.18,868100,SMSI
596,2020-05-15,4.15,4.18,4.07,4.15,4.15,369600,SMSI
597,2020-05-18,4.24,4.4,4.18,4.37,4.37,751100,SMSI
598,2020-05-19,4.39,4.44,4.21,4.33,4.33,431200,SMSI
599,2020-05-20,4.38,4.4,4.26,4.29,4.29,409900,SMSI
600,2020-05-21,4.29,4.31,4.11,4.28,4.28,544300,SMSI
601,2020-05-22,4.27,4.32,4.14,4.2,4.2,281200,SMSI
602,2020-05-26,4.27,4.38,4.17,4.19,4.19,520400,SMSI
603,2020-05-27,4.24,4.24,4.03,4.11,4.11,509200,SMSI
604,2020-05-28,4.08,4.44,4.07,4.28,4.28,700900,SMSI
605,2020-05-29,4.26,4.31,4.13,4.25,4.25,535700,SMSI
606,2020-06-01,4.28,4.64,4.27,4.59,4.59,715200,SMSI
607,2020-06-02,4.67,4.98,4.56,4.91,4.91,700600,SMSI
608,2020-06-03,4.98,5.0,4.74,4.87,4.87,464800,SMSI
609,2020-06-04,4.88,4.92,4.6,4.65,4.65,483400,SMSI
610,2020-06-05,4.7,4.93,4.52,4.76,4.76,722800,SMSI
611,2020-06-08,4.72,5.05,4.72,4.87,4.87,806800,SMSI
612,2020-06-09,4.86,4.95,4.7,4.73,4.73,402900,SMSI
613,2020-06-10,4.79,4.79,4.59,4.72,4.72,466000,SMSI
614,2020-06-11,4.54,4.62,4.24,4.3,4.3,679900,SMSI
615,2020-06-12,4.43,4.69,4.36,4.41,4.41,393900,SMSI
616,2020-06-15,4.37,4.74,4.31,4.66,4.66,507500,SMSI
617,2020-06-16,4.82,4.83,4.57,4.61,4.61,443100,SMSI
618,2020-06-17,4.66,4.69,4.52,4.55,4.55,281200,SMSI
619,2020-06-18,4.54,4.59,4.47,4.49,4.49,424900,SMSI
620,2020-06-19,4.5,4.68,4.48,4.49,4.49,845100,SMSI
621,2020-06-22,4.52,4.71,4.5,4.61,4.61,549600,SMSI
622,2020-06-23,4.69,4.79,4.49,4.49,4.49,478800,SMSI
623,2020-06-24,4.55,4.72,4.38,4.65,4.65,712300,SMSI
624,2020-06-25,4.65,4.74,4.5,4.58,4.58,679600,SMSI
625,2020-06-26,4.58,4.66,4.4,4.42,4.42,4703400,SMSI
626,2020-06-29,4.47,4.5,4.17,4.35,4.35,575700,SMSI
627,2020-06-30,4.34,4.49,4.27,4.46,4.46,516200,SMSI
628,2020-07-01,4.46,4.48,4.33,4.37,4.37,356900,SMSI
629,2020-07-02,4.4,4.49,4.37,4.47,4.47,678400,SMSI
630,2020-07-06,4.5,4.61,4.33,4.58,4.58,754200,SMSI
631,2020-07-07,4.56,4.6,4.36,4.39,4.39,642000,SMSI
632,2020-07-08,4.39,4.47,4.3,4.35,4.35,682100,SMSI
633,2020-07-09,4.35,4.4,4.13,4.28,4.28,604700,SMSI
634,2020-07-10,4.3,4.32,4.14,4.17,4.17,522300,SMSI
635,2020-07-13,4.19,4.19,3.87,3.89,3.89,626500,SMSI
636,2020-07-14,3.91,3.96,3.71,3.96,3.96,569100,SMSI
637,2020-07-15,3.99,4.13,3.97,4.11,4.11,495800,SMSI
638,2020-07-16,4.08,4.26,4.01,4.2,4.2,573700,SMSI
639,2020-07-17,4.21,4.21,4.1,4.15,4.15,362000,SMSI
640,2020-07-20,4.16,4.35,4.15,4.28,4.28,406400,SMSI
641,2020-07-21,4.3,4.31,4.17,4.2,4.2,277200,SMSI
642,2020-07-22,4.17,4.38,4.17,4.23,4.23,513200,SMSI
643,2020-07-23,4.23,4.33,4.18,4.32,4.32,924500,SMSI
644,2020-07-24,4.3,4.3,3.97,4.0,4.0,911700,SMSI
645,2020-07-27,4.05,4.13,3.88,3.91,3.91,699400,SMSI
646,2020-07-28,3.89,3.92,3.83,3.87,3.87,440700,SMSI
647,2020-07-29,3.9,3.93,3.75,3.87,3.87,627200,SMSI
648,2020-07-30,3.88,4.11,3.78,3.99,3.99,472100,SMSI
649,2020-07-31,4.0,4.13,3.97,4.13,4.13,444200,SMSI
650,2020-08-03,4.15,4.28,4.15,4.23,4.23,444300,SMSI
651,2020-08-04,4.23,4.37,4.17,4.37,4.37,469600,SMSI
652,2020-08-05,4.33,4.36,4.18,4.3,4.3,616100,SMSI
653,2020-08-06,4.03,4.03,3.75,3.8,3.8,1650500,SMSI
654,2020-08-07,3.83,3.95,3.75,3.78,3.78,619400,SMSI
655,2020-08-10,3.8,3.97,3.78,3.93,3.93,754200,SMSI
656,2020-08-11,3.96,4.05,3.82,3.87,3.87,412500,SMSI
657,2020-08-12,3.89,3.95,3.73,3.78,3.78,710400,SMSI
658,2020-08-13,3.81,3.89,3.74,3.85,3.85,482900,SMSI
659,2020-08-14,3.85,3.88,3.81,3.85,3.85,312900,SMSI
660,2020-08-17,3.85,3.87,3.81,3.84,3.84,343100,SMSI
661,2020-08-18,3.87,4.03,3.85,3.98,3.98,826600,SMSI
662,2020-08-19,3.97,4.01,3.9,3.93,3.93,333700,SMSI
663,2020-08-20,3.91,3.93,3.81,3.84,3.84,327900,SMSI
664,2020-08-21,3.84,3.89,3.81,3.85,3.85,408800,SMSI
665,2020-08-24,3.85,3.87,3.78,3.81,3.81,440900,SMSI
666,2020-08-25,3.83,3.89,3.82,3.88,3.88,264500,SMSI
667,2020-08-26,3.9,3.92,3.79,3.81,3.81,322800,SMSI
668,2020-08-27,3.81,3.82,3.71,3.74,3.74,410900,SMSI
669,2020-08-28,3.77,3.82,3.64,3.82,3.82,554000,SMSI
670,2020-08-31,3.82,3.89,3.74,3.84,3.84,357700,SMSI
671,2020-09-01,3.82,3.91,3.81,3.91,3.91,319400,SMSI
672,2020-09-02,3.91,3.94,3.83,3.9,3.9,424200,SMSI
673,2020-09-03,3.83,3.87,3.74,3.81,3.81,502100,SMSI
674,2020-09-04,3.83,3.83,3.55,3.7,3.7,621100,SMSI
675,2020-09-08,3.64,3.71,3.58,3.67,3.67,298300,SMSI
676,2020-09-09,3.71,3.81,3.65,3.76,3.76,309000,SMSI
677,2020-09-10,3.76,3.8,3.68,3.73,3.73,223500,SMSI
678,2020-09-11,3.74,3.77,3.63,3.67,3.67,220200,SMSI
679,2020-09-14,3.69,3.83,3.69,3.83,3.83,261900,SMSI
680,2020-09-15,3.83,3.87,3.68,3.7,3.7,301400,SMSI
681,2020-09-16,3.73,3.85,3.71,3.77,3.77,231700,SMSI
682,2020-09-17,3.74,3.76,3.68,3.73,3.73,221900,SMSI
683,2020-09-18,3.78,3.82,3.71,3.72,3.72,595700,SMSI
684,2020-09-21,3.7,3.73,3.63,3.72,3.72,237600,SMSI
685,2020-09-22,3.72,3.8,3.64,3.75,3.75,373900,SMSI
686,2020-09-23,3.76,3.76,3.58,3.59,3.59,257200,SMSI
687,2020-09-24,3.58,3.67,3.5,3.62,3.62,331000,SMSI
688,2020-09-25,3.64,3.68,3.6,3.65,3.65,248700,SMSI
689,2020-09-28,3.68,3.74,3.63,3.69,3.69,251100,SMSI
690,2020-09-29,3.68,3.75,3.63,3.73,3.73,166700,SMSI
691,2020-09-30,3.71,3.84,3.68,3.73,3.73,319500,SMSI
692,2020-10-01,3.75,3.79,3.68,3.69,3.69,228700,SMSI
693,2020-10-02,3.65,3.7,3.6,3.62,3.62,373200,SMSI
694,2020-10-05,3.63,3.69,3.62,3.68,3.68,480300,SMSI
695,2020-10-06,3.68,3.73,3.64,3.69,3.69,466300,SMSI
696,2020-10-07,3.74,3.75,3.68,3.75,3.75,357400,SMSI
697,2020-10-08,3.76,3.91,3.75,3.81,3.81,372400,SMSI
698,2020-10-09,3.82,3.91,3.82,3.86,3.86,235500,SMSI
699,2020-10-12,3.86,3.91,3.76,3.8,3.8,297100,SMSI
700,2020-10-13,3.8,3.89,3.77,3.79,3.79,451000,SMSI
701,2020-10-14,3.77,3.81,3.65,3.69,3.69,344500,SMSI
702,2020-10-15,3.79,4.06,3.67,4.01,4.01,1009300,SMSI
703,2020-10-16,4.0,4.0,3.83,3.92,3.92,467300,SMSI
704,2020-10-19,3.99,4.03,3.85,3.85,3.85,553400,SMSI
705,2020-10-20,3.85,4.27,3.85,4.19,4.19,831100,SMSI
706,2020-10-21,4.19,4.35,4.16,4.21,4.21,458300,SMSI
707,2020-10-22,4.2,4.26,4.06,4.15,4.15,354000,SMSI
708,2020-10-23,4.16,4.17,4.06,4.16,4.16,195400,SMSI
709,2020-10-26,4.15,4.26,4.02,4.26,4.26,419600,SMSI
710,2020-10-27,4.25,4.39,4.2,4.27,4.27,476200,SMSI
711,2020-10-28,4.24,4.27,4.1,4.13,4.13,298800,SMSI
712,2020-10-29,4.1,4.16,4.01,4.09,4.09,306700,SMSI
713,2020-10-30,4.05,4.28,4.01,4.12,4.12,416400,SMSI
714,2020-11-02,4.16,4.17,3.79,4.0,4.0,588600,SMSI
715,2020-11-03,4.03,4.19,4.01,4.15,4.15,276300,SMSI
716,2020-11-04,4.18,4.28,3.87,4.05,4.05,758300,SMSI
717,2020-11-05,3.99,4.16,3.89,3.96,3.96,673800,SMSI
718,2020-11-06,4.0,4.29,3.97,4.14,4.14,553500,SMSI
719,2020-11-09,4.28,4.42,4.13,4.13,4.13,473500,SMSI
720,2020-11-10,4.16,4.54,4.14,4.48,4.48,729700,SMSI
721,2020-11-11,4.49,4.87,4.42,4.8,4.8,572700,SMSI
722,2020-11-12,4.77,4.8,4.57,4.76,4.76,496900,SMSI
723,2020-11-13,4.8,4.94,4.69,4.83,4.83,406500,SMSI
724,2020-11-16,4.88,5.09,4.81,5.08,5.08,417900,SMSI
725,2020-11-17,5.04,5.35,4.97,5.24,5.24,741400,SMSI
726,2020-11-18,5.25,5.26,5.05,5.21,5.21,474800,SMSI
727,2020-11-19,5.18,5.29,5.13,5.24,5.24,273600,SMSI
728,2020-11-20,5.16,5.37,4.93,5.25,5.25,343400,SMSI
729,2020-11-23,5.3,5.35,5.16,5.24,5.24,281100,SMSI
730,2020-11-24,5.29,5.38,5.22,5.36,5.36,276200,SMSI
731,2020-11-25,5.38,5.41,5.27,5.33,5.33,254400,SMSI
732,2020-11-27,5.35,5.41,5.29,5.34,5.34,105800,SMSI
733,2020-11-30,5.3,5.4,5.21,5.38,5.38,300400,SMSI
734,2020-12-01,5.4,5.49,5.18,5.26,5.26,489400,SMSI
735,2020-12-02,5.26,5.41,5.14,5.37,5.37,292600,SMSI
736,2020-12-03,5.38,5.46,5.29,5.45,5.45,245800,SMSI
737,2020-12-04,5.46,5.53,5.36,5.46,5.46,404900,SMSI
738,2020-12-07,5.43,5.85,5.43,5.8,5.8,475500,SMSI
739,2020-12-08,5.77,5.84,5.69,5.8,5.8,229100,SMSI
740,2020-12-09,5.8,5.81,5.47,5.53,5.53,316500,SMSI
741,2020-12-10,5.5,5.65,5.41,5.64,5.64,216900,SMSI
742,2020-12-11,5.96,6.03,5.73,5.87,5.87,587000,SMSI
743,2020-12-14,6.04,6.23,5.77,5.8,5.8,413100,SMSI
744,2020-12-15,5.89,5.89,5.59,5.67,5.67,377800,SMSI
745,2020-12-16,5.7,5.88,5.61,5.75,5.75,292100,SMSI
746,2020-12-17,5.77,5.86,5.69,5.69,5.69,389800,SMSI
747,2020-12-18,5.74,5.78,5.5,5.55,5.55,615300,SMSI
748,2020-12-21,5.48,5.65,5.33,5.48,5.48,474900,SMSI
749,2020-12-22,5.49,5.54,5.22,5.3,5.3,584000,SMSI
750,2020-12-23,5.36,5.56,5.26,5.35,5.35,535700,SMSI
751,2020-12-24,5.4,5.48,5.31,5.34,5.34,160400,SMSI
752,2020-12-28,5.42,5.51,5.26,5.37,5.37,428600,SMSI
753,2020-12-29,5.36,5.47,5.26,5.32,5.32,324600,SMSI
754,2020-12-30,5.29,5.51,5.29,5.37,5.37,209900,SMSI
755,2020-12-31,5.41,5.51,5.31,5.42,5.42,778900,SMSI
756,2021-01-04,5.43,5.5,5.02,5.05,5.05,611000,SMSI
757,2021-01-05,5.06,5.28,5.03,5.2,5.2,389800,SMSI
758,2021-01-06,5.26,5.31,5.11,5.25,5.25,493900,SMSI
759,2021-01-07,5.26,5.45,5.25,5.44,5.44,234600,SMSI
760,2021-01-08,5.44,5.47,5.25,5.33,5.33,190900,SMSI
761,2021-01-11,5.32,5.32,5.16,5.29,5.29,284000,SMSI
762,2021-01-12,5.31,6.03,5.27,6.0,6.0,1133500,SMSI
763,2021-01-13,6.4,6.59,6.12,6.41,6.41,1189400,SMSI
764,2021-01-14,6.41,6.89,6.36,6.74,6.74,1064600,SMSI
765,2021-01-15,6.74,6.85,6.49,6.56,6.56,572200,SMSI
766,2021-01-19,6.3,6.71,6.3,6.61,6.61,391200,SMSI
767,2021-01-20,6.64,6.67,6.49,6.65,6.65,261600,SMSI
768,2021-01-21,6.7,6.86,6.54,6.81,6.81,313400,SMSI
769,2021-01-22,6.8,6.94,6.64,6.89,6.89,294600,SMSI
770,2021-01-25,6.83,7.11,6.64,6.71,6.71,444300,SMSI
771,2021-01-26,6.75,6.75,6.53,6.7,6.7,334700,SMSI
772,2021-01-27,6.62,6.66,6.36,6.63,6.63,521800,SMSI
773,2021-01-28,6.62,6.73,6.3,6.46,6.46,344600,SMSI
774,2021-01-29,6.5,6.65,6.36,6.36,6.36,327800,SMSI
775,2021-02-01,6.42,6.45,6.31,6.39,6.39,248000,SMSI
776,2021-02-02,6.39,6.64,6.37,6.55,6.55,183800,SMSI
777,2021-02-03,6.58,6.74,6.53,6.7,6.7,282100,SMSI
778,2021-02-04,6.75,7.89,6.7,7.86,7.86,1274100,SMSI
779,2021-02-05,7.81,7.89,7.68,7.78,7.78,473400,SMSI
780,2021-02-08,7.99,8.05,7.36,7.45,7.45,674800,SMSI
781,2021-02-09,7.4,7.89,7.4,7.74,7.74,268900,SMSI
782,2021-02-10,7.77,7.8,7.44,7.77,7.77,245600,SMSI
783,2021-02-11,7.81,7.83,7.42,7.62,7.62,234100,SMSI
784,2021-02-12,7.63,7.82,7.44,7.79,7.79,250300,SMSI
785,2021-02-16,7.85,7.87,7.45,7.57,7.57,313600,SMSI
786,2021-02-17,7.52,7.61,7.36,7.42,7.42,195500,SMSI
787,2021-02-18,7.31,7.47,7.15,7.33,7.33,203700,SMSI
788,2021-02-19,7.35,7.6,7.28,7.39,7.39,222300,SMSI
789,2021-02-22,7.26,7.4,7.1,7.17,7.17,236500,SMSI
790,2021-02-23,6.96,7.08,6.52,6.99,6.99,342200,SMSI
791,2021-02-24,7.11,7.29,6.92,7.17,7.17,241700,SMSI
792,2021-02-25,7.08,7.19,6.71,6.79,6.79,277600,SMSI
793,2021-02-26,6.8,6.93,6.59,6.6,6.6,428000,SMSI
794,2021-03-01,6.79,7.01,6.75,6.98,6.98,162300,SMSI
795,2021-03-02,6.98,7.05,6.79,6.92,6.92,218700,SMSI
796,2021-03-03,6.96,7.01,6.63,6.81,6.81,221600,SMSI
797,2021-03-04,6.81,6.81,6.46,6.75,6.75,466300,SMSI
798,2021-03-05,6.73,6.79,6.43,6.65,6.65,265300,SMSI
799,2021-03-08,6.64,6.75,6.12,6.19,6.19,639100,SMSI
800,2021-03-09,6.98,7.33,6.56,7.02,7.02,1299600,SMSI
801,2021-03-10,7.09,7.65,6.92,7.58,7.58,1016200,SMSI
802,2021-03-11,7.09,7.15,6.85,6.85,6.85,6162900,SMSI
803,2021-03-12,6.85,6.9,6.58,6.72,6.72,1887800,SMSI
804,2021-03-15,6.6,6.66,6.41,6.5,6.5,1780200,SMSI
805,2021-03-16,6.55,6.79,6.54,6.59,6.59,1047300,SMSI
806,2021-03-17,6.63,6.7,6.4,6.6,6.6,837600,SMSI
807,2021-03-18,6.52,6.7,6.42,6.45,6.45,436300,SMSI
808,2021-03-19,6.45,6.68,6.4,6.51,6.51,701700,SMSI
809,2021-03-22,6.57,6.66,6.51,6.53,6.53,287200,SMSI
810,2021-03-23,6.49,6.53,6.28,6.3,6.3,617100,SMSI
811,2021-03-24,6.37,6.37,5.87,5.9,5.9,912500,SMSI
812,2021-03-25,5.83,5.9,5.45,5.49,5.49,1596800,SMSI
813,2021-03-26,5.56,5.84,5.55,5.83,5.83,811100,SMSI
814,2021-03-29,5.81,5.81,5.5,5.51,5.51,514900,SMSI
815,2021-03-30,5.52,5.56,5.36,5.51,5.51,729000,SMSI
816,2021-03-31,5.56,5.63,5.39,5.51,5.51,2064100,SMSI
817,2021-04-01,5.58,5.92,5.58,5.7,5.7,534500,SMSI
818,2021-04-05,5.78,5.92,5.64,5.81,5.81,700600,SMSI
819,2021-04-06,5.85,5.92,5.77,5.84,5.84,322100,SMSI
820,2021-04-07,5.84,5.97,5.67,5.71,5.71,422900,SMSI
821,2021-04-08,5.75,5.85,5.63,5.68,5.68,370300,SMSI
822,2021-04-09,5.69,5.69,5.53,5.57,5.57,333700,SMSI
823,2021-04-12,5.63,5.7,5.52,5.62,5.62,359900,SMSI
824,2021-04-13,5.66,5.85,5.58,5.79,5.79,686200,SMSI
825,2021-04-14,5.77,5.82,5.52,5.66,5.66,476300,SMSI
826,2021-04-15,5.72,5.77,5.61,5.76,5.76,511300,SMSI
827,2021-04-16,5.77,5.89,5.64,5.74,5.74,403700,SMSI
828,2021-04-19,5.84,5.84,5.35,5.4,5.4,402500,SMSI
829,2021-04-20,5.56,5.66,5.08,5.22,5.22,812900,SMSI
830,2021-04-21,5.27,5.44,5.19,5.33,5.33,313700,SMSI
831,2021-04-22,5.3,5.41,5.2,5.26,5.26,352800,SMSI
832,2021-04-23,5.27,5.49,5.27,5.44,5.44,295600,SMSI
833,2021-04-26,5.5,5.6,5.46,5.51,5.51,187600,SMSI
834,2021-04-27,5.84,5.95,5.64,5.81,5.81,543200,SMSI
835,2021-04-28,5.81,5.94,5.62,5.85,5.85,432800,SMSI
836,2021-04-29,5.85,5.85,5.62,5.7,5.7,226400,SMSI
837,2021-04-30,5.61,5.82,5.6,5.62,5.62,371800,SMSI
838,2021-05-03,5.7,5.71,5.51,5.53,5.53,267600,SMSI
839,2021-05-04,5.56,5.56,5.3,5.42,5.42,492800,SMSI
840,2021-05-05,5.42,5.5,5.3,5.36,5.36,437000,SMSI
841,2021-05-06,5.38,5.41,4.73,4.81,4.81,1037200,SMSI
842,2021-05-07,4.77,5.19,4.77,5.09,5.09,1042600,SMSI
843,2021-05-10,5.08,5.13,4.81,4.83,4.83,419100,SMSI
844,2021-05-11,4.72,5.05,4.62,5.02,5.02,473100,SMSI
845,2021-05-12,4.93,5.22,4.91,5.1,5.1,387500,SMSI
846,2021-05-13,5.13,5.19,4.43,4.84,4.84,845800,SMSI
847,2021-05-14,4.93,5.14,4.9,5.07,5.07,426500,SMSI
848,2021-05-17,5.04,5.1,4.94,4.99,4.99,329700,SMSI
849,2021-05-18,5.0,5.24,4.93,5.16,5.16,509600,SMSI
850,2021-05-19,5.1,5.23,5.01,5.18,5.18,220400,SMSI
851,2021-05-20,5.19,5.24,5.04,5.17,5.17,256600,SMSI
852,2021-05-21,5.23,5.23,5.05,5.05,5.05,267600,SMSI
853,2021-05-24,5.09,5.13,4.93,4.97,4.97,256300,SMSI
854,2021-05-25,4.97,5.06,4.87,4.88,4.88,205000,SMSI
855,2021-05-26,4.87,5.06,4.86,5.02,5.02,238000,SMSI
856,2021-05-27,5.03,5.16,4.97,5.11,5.11,193400,SMSI
857,2021-05-28,5.13,5.6,5.02,5.39,5.39,1139800,SMSI
858,2021-06-01,5.45,5.47,5.15,5.4,5.4,588200,SMSI
859,2021-06-02,5.41,5.47,5.21,5.34,5.34,331000,SMSI
860,2021-06-03,5.31,5.38,5.15,5.25,5.25,351800,SMSI
861,2021-06-04,5.26,5.3,5.12,5.19,5.19,273300,SMSI
862,2021-06-07,5.2,5.54,5.2,5.34,5.34,469000,SMSI
863,2021-06-08,5.36,5.51,5.34,5.44,5.44,326000,SMSI
864,2021-06-09,5.55,5.69,5.44,5.46,5.46,480400,SMSI
865,2021-06-10,5.43,5.49,5.34,5.43,5.43,467400,SMSI
866,2021-06-11,5.41,5.5,5.3,5.36,5.36,464200,SMSI
867,2021-06-14,5.4,5.58,5.35,5.51,5.51,378600,SMSI
868,2021-06-15,5.5,5.53,5.21,5.24,5.24,376700,SMSI
869,2021-06-16,5.25,5.43,5.25,5.37,5.37,274000,SMSI
870,2021-06-17,5.37,5.48,5.3,5.34,5.34,216100,SMSI
871,2021-06-18,5.3,5.35,5.03,5.15,5.15,759900,SMSI
872,2021-06-21,5.15,5.23,5.09,5.17,5.17,243400,SMSI
873,2021-06-22,5.17,5.27,5.09,5.27,5.27,247400,SMSI
874,2021-06-23,5.29,5.53,5.28,5.44,5.44,316500,SMSI
875,2021-06-24,5.43,5.57,5.36,5.39,5.39,225600,SMSI
876,2021-06-25,5.4,5.49,5.31,5.31,5.31,2445400,SMSI
877,2021-06-28,5.31,5.47,5.27,5.32,5.32,204900,SMSI
878,2021-06-29,5.34,5.38,5.16,5.21,5.21,225500,SMSI
879,2021-06-30,5.18,5.27,5.11,5.22,5.22,205900,SMSI
880,2021-07-01,5.26,5.28,5.13,5.17,5.17,186500,SMSI
881,2021-07-02,5.23,5.27,5.15,5.17,5.17,200300,SMSI
882,2021-07-06,5.17,5.27,5.11,5.14,5.14,292400,SMSI
883,2021-07-07,5.17,5.17,4.95,4.97,4.97,234400,SMSI
884,2021-07-08,4.92,4.98,4.81,4.95,4.95,190100,SMSI
885,2021-07-09,5.01,5.1,4.91,5.06,5.06,104700,SMSI
886,2021-07-12,5.08,5.08,4.99,5.07,5.07,154200,SMSI
887,2021-07-13,5.05,5.21,5.01,5.15,5.15,262500,SMSI
888,2021-07-14,5.23,5.51,5.14,5.18,5.18,831700,SMSI
889,2021-07-15,5.19,5.9,5.13,5.57,5.57,1612100,SMSI
890,2021-07-16,5.63,5.76,5.35,5.44,5.44,540000,SMSI
891,2021-07-19,5.39,5.46,5.21,5.45,5.45,384900,SMSI
892,2021-07-20,5.47,5.78,5.47,5.66,5.66,520300,SMSI
893,2021-07-21,5.52,5.8,5.28,5.77,5.77,683200,SMSI
894,2021-07-22,5.85,5.92,5.6,5.7,5.7,265400,SMSI
895,2021-07-23,5.69,5.7,5.48,5.68,5.68,285500,SMSI
896,2021-07-26,5.7,6.41,5.65,5.79,5.79,1608000,SMSI
897,2021-07-27,5.78,5.87,5.27,5.55,5.55,598700,SMSI
898,2021-07-28,5.56,5.73,5.52,5.68,5.68,243500,SMSI
899,2021-07-29,5.66,5.76,5.57,5.64,5.64,275000,SMSI
900,2021-07-30,5.61,5.71,5.5,5.66,5.66,298500,SMSI
901,2021-08-02,5.67,5.76,5.55,5.68,5.68,224800,SMSI
902,2021-08-03,5.73,5.76,5.18,5.2,5.2,834900,SMSI
903,2021-08-04,5.2,5.2,4.97,5.0,5.0,992200,SMSI
904,2021-08-05,5.58,5.78,5.28,5.3,5.3,1519200,SMSI
905,2021-08-06,5.32,5.32,4.96,5.02,5.02,1183800,SMSI
906,2021-08-09,5.0,5.24,4.84,5.11,5.11,788200,SMSI
907,2021-08-10,5.1,5.11,4.77,4.93,4.93,1023500,SMSI
908,2021-08-11,4.98,5.12,4.85,5.1,5.1,468700,SMSI
909,2021-08-12,5.07,5.08,4.86,4.9,4.9,565400,SMSI
910,2021-08-13,4.95,5.03,4.82,4.97,4.97,575000,SMSI
911,2021-08-16,4.99,4.99,4.74,4.76,4.76,383500,SMSI
912,2021-08-17,4.74,4.76,4.64,4.71,4.71,321600,SMSI
913,2021-08-18,4.74,4.8,4.61,4.7,4.7,179800,SMSI
914,2021-08-19,4.7,4.75,4.62,4.7,4.7,289200,SMSI
915,2021-08-20,4.67,4.85,4.66,4.79,4.79,509800,SMSI
916,2021-08-23,4.91,5.1,4.9,5.04,5.04,394900,SMSI
917,2021-08-24,5.07,5.1,4.88,4.92,4.92,425800,SMSI
918,2021-08-25,4.9,5.05,4.87,4.92,4.92,464200,SMSI
919,2021-08-26,4.93,4.93,4.79,4.81,4.81,531200,SMSI
920,2021-08-27,4.82,5.07,4.77,5.01,5.01,353500,SMSI
921,2021-08-30,4.99,5.03,4.89,4.91,4.91,221200,SMSI
922,2021-08-31,4.91,5.07,4.87,4.99,4.99,435700,SMSI
923,2021-09-01,5.0,5.05,4.9,4.99,4.99,294800,SMSI
924,2021-09-02,4.99,5.06,4.92,5.01,5.01,278400,SMSI
925,2021-09-03,4.98,5.01,4.88,4.98,4.98,216600,SMSI
926,2021-09-07,4.98,5.0,4.9,4.93,4.93,200000,SMSI
927,2021-09-08,4.9,4.93,4.76,4.81,4.81,232900,SMSI
928,2021-09-09,4.78,4.79,4.68,4.68,4.68,326000,SMSI
929,2021-09-10,4.74,4.83,4.63,4.67,4.67,377900,SMSI
930,2021-09-13,4.7,4.75,4.57,4.73,4.73,306200,SMSI
931,2021-09-14,4.74,4.75,4.6,4.65,4.65,267900,SMSI
932,2021-09-15,4.68,4.78,4.65,4.76,4.76,271700,SMSI
933,2021-09-16,4.74,4.78,4.58,4.73,4.73,366300,SMSI
934,2021-09-17,4.76,4.77,4.62,4.65,4.65,548300,SMSI
935,2021-09-20,4.56,4.63,4.53,4.57,4.57,623100,SMSI
936,2021-09-21,4.6,4.65,4.48,4.55,4.55,305100,SMSI
937,2021-09-22,4.54,4.68,4.52,4.61,4.61,153200,SMSI
938,2021-09-23,4.66,4.75,4.61,4.71,4.71,162900,SMSI
939,2021-09-24,4.67,4.84,4.63,4.78,4.78,389200,SMSI
940,2021-09-27,4.8,5.32,4.73,5.15,5.15,1031800,SMSI
941,2021-09-28,5.13,5.13,4.78,4.87,4.87,546100,SMSI
942,2021-09-29,4.94,5.01,4.83,4.86,4.86,271500,SMSI
943,2021-09-30,4.9,4.9,4.79,4.84,4.84,205600,SMSI
944,2021-10-01,4.86,4.91,4.79,4.88,4.88,230100,SMSI
945,2021-10-04,4.84,4.86,4.75,4.82,4.82,282000,SMSI
946,2021-10-05,4.88,4.88,4.73,4.76,4.76,379100,SMSI
947,2021-10-06,4.7,4.76,4.67,4.73,4.73,310300,SMSI
948,2021-10-07,4.74,4.88,4.73,4.87,4.87,162200,SMSI
949,2021-10-08,4.89,4.95,4.8,4.94,4.94,240900,SMSI
950,2021-10-11,4.95,5.36,4.93,5.14,5.14,493700,SMSI
951,2021-10-12,5.16,5.54,5.14,5.44,5.44,803500,SMSI
952,2021-10-13,5.44,5.57,5.33,5.55,5.55,315400,SMSI
953,2021-10-14,5.6,5.62,5.46,5.55,5.55,380900,SMSI
954,2021-10-15,5.61,5.63,5.45,5.59,5.59,340700,SMSI
955,2021-10-18,5.59,5.75,5.56,5.71,5.71,387000,SMSI
956,2021-10-19,5.75,5.79,5.65,5.75,5.75,296800,SMSI
957,2021-10-20,5.8,5.84,5.71,5.76,5.76,191600,SMSI
958,2021-10-21,5.76,5.86,5.68,5.84,5.84,436100,SMSI
959,2021-10-22,5.82,5.82,5.5,5.56,5.56,375300,SMSI
960,2021-10-25,5.56,5.64,5.52,5.59,5.59,177500,SMSI
961,2021-10-26,5.59,5.71,5.53,5.57,5.57,199200,SMSI
962,2021-10-27,5.57,5.66,5.48,5.49,5.49,150900,SMSI
963,2021-10-28,5.52,5.79,5.45,5.68,5.68,293400,SMSI
964,2021-10-29,5.66,5.78,5.65,5.7,5.7,160000,SMSI
965,2021-11-01,5.72,5.88,5.71,5.88,5.88,166000,SMSI
966,2021-11-02,5.88,5.88,5.73,5.78,5.78,128600,SMSI
967,2021-11-03,5.8,6.18,5.73,6.03,6.03,756200,SMSI
968,2021-11-04,6.03,6.18,5.94,5.95,5.95,280300,SMSI
969,2021-11-05,5.99,6.18,5.96,6.06,6.06,382900,SMSI
970,2021-11-08,6.06,6.15,6.03,6.12,6.12,254500,SMSI
971,2021-11-09,6.1,6.11,5.88,5.98,5.98,312000,SMSI
972,2021-11-10,5.95,6.1,5.86,5.99,5.99,597800,SMSI
973,2021-11-11,6.41,6.52,6.02,6.21,6.21,1297600,SMSI
974,2021-11-12,6.24,6.3,6.06,6.14,6.14,623200,SMSI
975,2021-11-15,6.18,6.2,5.91,5.97,5.97,401100,SMSI
976,2021-11-16,5.92,5.94,5.8,5.88,5.88,424000,SMSI
977,2021-11-17,5.9,6.15,5.9,6.08,6.08,404600,SMSI
978,2021-11-18,6.12,6.15,5.98,6.11,6.11,472100,SMSI
979,2021-11-19,6.07,6.32,6.07,6.2,6.2,507800,SMSI
980,2021-11-22,6.21,6.21,5.81,5.85,5.85,511500,SMSI
981,2021-11-23,5.82,5.92,5.66,5.85,5.85,592000,SMSI
982,2021-11-24,5.79,5.86,5.7,5.82,5.82,387600,SMSI
983,2021-11-26,5.67,5.72,5.52,5.63,5.63,353500,SMSI
984,2021-11-29,5.64,5.66,5.46,5.61,5.61,351700,SMSI
985,2021-11-30,5.6,5.71,5.44,5.48,5.48,406300,SMSI
986,2021-12-01,5.55,5.76,5.35,5.35,5.35,338300,SMSI
987,2021-12-02,5.32,5.44,5.24,5.3,5.3,348000,SMSI
988,2021-12-03,5.29,5.3,4.99,5.1,5.1,602300,SMSI
989,2021-12-06,5.11,5.25,4.95,5.25,5.25,348900,SMSI
990,2021-12-07,5.3,5.49,5.27,5.3,5.3,854700,SMSI
991,2021-12-08,5.34,5.46,5.23,5.4,5.4,182500,SMSI
992,2021-12-09,5.36,5.42,5.17,5.19,5.19,268600,SMSI
993,2021-12-10,5.25,5.3,5.13,5.21,5.21,240000,SMSI
994,2021-12-13,5.2,5.25,5.06,5.09,5.09,272500,SMSI
995,2021-12-14,5.11,5.22,5.06,5.12,5.12,227700,SMSI
996,2021-12-15,5.14,5.19,4.96,5.18,5.18,443100,SMSI
997,2021-12-16,5.18,5.22,4.98,5.04,5.04,251200,SMSI
998,2021-12-17,5.03,5.16,4.93,5.02,5.02,396600,SMSI
999,2021-12-20,4.99,4.99,4.87,4.95,4.95,310100,SMSI
1000,2021-12-21,5.0,5.12,4.97,5.07,5.07,305700,SMSI
1001,2021-12-22,5.09,5.1,4.97,5.07,5.07,403800,SMSI
1002,2021-12-23,5.06,5.15,5.0,5.04,5.04,256600,SMSI
1003,2021-12-27,5.05,5.08,4.98,5.03,5.03,201000,SMSI
1004,2021-12-28,5.02,5.06,4.87,4.9,4.9,270200,SMSI
1005,2021-12-29,4.92,4.92,4.72,4.76,4.76,611500,SMSI
1006,2021-12-30,4.77,5.0,4.75,4.92,4.92,384100,SMSI
1007,2021-12-31,4.95,5.01,4.81,4.92,4.92,405000,SMSI
